contract_id,customer_id,product_type,contract_status,application_date,activation_date,cancellation_date,sales_channel,branch_id,sales_amount_eur
CTR00001,CUST0085,Savings Account,Active,2025-10-07,,,Branch,BR001,2783
CTR00002,CUST0024,Credit Card,Active,2026-02-15,,,Relationship Manager,BR006,1162
CTR00003,CUST0004,Mortgage,Active,2025-08-09,,,Branch,BR003,111056
CTR00004,CUST0021,Term Deposit,Active,2025-11-29,,,Digital,BR002,7395
CTR00005,CUST0097,Consumer Loan,Active,2025-10-06,,,Branch,BR004,174523
CTR00006,CUST0078,Business Loan,Active,2025-08-09,,,Branch,BR001,91484
CTR00007,CUST0037,Business Loan,Active,2025-11-12,,,Branch,BR005,58807
CTR00008,CUST0008,Consumer Loan,Active,2025-08-05,,,Branch,BR003,201320
CTR00009,CUST0042,Mortgage,Active,2026-03-17,,,Branch,BR005,34865
CTR00010,CUST0091,Current Account,Active,2025-12-29,,,Relationship Manager,BR001,3252
CTR00011,CUST0056,Consumer Loan,Active,2025-03-21,2025-03-31,,Branch,BR005,151931
CTR00012,CUST0052,Unknown Product,Active,2026-02-19,2026-02-19,,Digital,BR005,43068
CTR00013,CUST0059,Term Deposit,Active,2025-04-19,2025-04-26,,Relationship Manager,BR004,57604
CTR00014,CUST0068,Mortgage,Active,2025-11-14,2025-11-24,,Branch,BR002,59083
CTR00015,CUST0010,Mortgage,Active,2025-07-18,2025-07-29,,Relationship Manager,BR006,93038
CTR00016,CUST0019,Current Account,Active,2025-09-20,2025-09-26,,Relationship Manager,BR002,1421
CTR00017,CUST0098,Mortgage,Active,2026-05-21,2026-06-04,,Relationship Manager,BR005,198773
CTR00018,CUST0058,Term Deposit,Rejected,2025-11-20,,,Branch,BR001,20286
CTR00019,CUST0061,Business Loan,Active,2025-10-09,2025-10-10,,Relationship Manager,BR001,93259
CTR00020,CUST0040,Business Loan,Active,2025-02-28,2025-03-11,,Branch,BR001,219024
CTR00021,CUST0083,Mortgage,Active,2026-06-04,2026-06-16,,Relationship Manager,BR005,122297
CTR00022,CUST0095,Consumer Loan,Active,2025-07-12,2025-07-22,,Branch,BR005,159598
CTR00023,CUST0020,Consumer Loan,Active,2025-12-18,2025-12-20,,Relationship Manager,BR002,133264
CTR00024,CUST0006,Current Account,Active,2026-03-26,2026-03-31,,Branch,BR003,2981
CTR00025,CUST0050,Investment Product,Cancelled,2025-02-23,,2025-03-21,Relationship Manager,BR003,83191
CTR00026,CUST0009,Term Deposit,Active,2026-01-31,2026-02-09,,Relationship Manager,BR006,33529
CTR00027,CUST0078,Credit Card,Active,2025-05-25,2025-06-05,,Relationship Manager,BR006,2541
CTR00028,CUST0085,Investment Product,Active,2025-03-28,2025-04-06,,Branch,BR006,73759
CTR00029,CUST0043,Credit Card,Active,2026-06-24,2026-06-26,,Relationship Manager,BR003,3468
CTR00030,CUST0003,Term Deposit,Active,2025-08-08,2025-08-18,,Digital,BR002,64236
CTR00031,CUST0018,Credit Card,Active,2025-04-14,2025-04-15,,Relationship Manager,BR002,2758
CTR00032,CUST0077,Investment Product,Active,2025-07-05,2025-07-10,,Branch,BR001,95026
CTR00033,CUST0053,Term Deposit,Active,2025-09-01,2025-09-15,,Branch,BR006,80531
CTR00034,CUST0058,Current Account,Active,2025-11-13,2025-11-28,,Branch,BR006,1589
CTR00035,CUST0074,Business Loan,Active,2025-10-16,2025-10-28,,Relationship Manager,BR004,132833
CTR00036,CUST0021,Current Account,Cancelled,2025-05-22,,2025-06-19,Digital,BR006,2048
CTR00037,CUST0062,Term Deposit,Active,2025-04-16,2025-04-19,,Digital,BR002,37863
CTR00038,CUST0035,Business Loan,Rejected,2025-05-31,,,Branch,BR001,218853
CTR00039,CUST0029,Business Loan,Rejected,2025-01-28,,,Digital,BR004,109762
CTR00040,CUST0065,Term Deposit,Active,2025-03-25,2025-04-05,,Digital,BR003,29930
CTR00041,CUST0013,Term Deposit,Cancelled,2025-05-21,,2025-05-23,Branch,BR006,38101
CTR00042,CUST0018,Business Loan,Active,2025-01-06,2025-01-08,,Branch,BR002,5981
CTR00043,CUST0020,Investment Product,Active,2025-10-23,2025-10-30,,Digital,BR001,39972
CTR00044,CUST0031,Investment Product,Active,2026-04-14,2026-04-16,,Branch,BR005,15030
CTR00045,CUST0069,Consumer Loan,Active,2025-09-05,2025-09-09,,Branch,BR001,77355
CTR00046,CUST0079,Term Deposit,Active,2026-03-03,2026-03-08,,Relationship Manager,BR001,87580
CTR00047,CUST0068,Term Deposit,Active,2026-06-23,2026-06-23,,Branch,BR001,51677
CTR00048,CUST0082,Investment Product,Pending,2025-09-17,,,Digital,BR003,98452
CTR00049,CUST0009,Term Deposit,Active,2025-04-17,2025-04-27,,Digital,BR003,17986
CTR00050,CUST0070,Term Deposit,Cancelled,2025-06-29,,2025-07-26,Branch,BR006,90242
CTR00051,CUST0062,Credit Card,Cancelled,2025-03-06,,2025-03-29,Digital,BR003,3749
CTR00052,CUST0026,Consumer Loan,Cancelled,2025-02-12,,2025-02-23,Branch,BR005,245677
CTR00053,CUST0051,Business Loan,Active,2025-07-15,2025-07-24,,Digital,BR006,94578
CTR00054,CUST0043,Savings Account,Active,2026-01-12,2026-01-25,,Relationship Manager,BR004,3276
CTR00055,CUST0050,Term Deposit,Pending,2026-05-24,,,Branch,BR003,91210
CTR00056,CUST0067,Savings Account,Cancelled,2026-03-11,,2026-03-14,Relationship Manager,BR002,3527
CTR00057,CUST0070,Savings Account,Active,2025-03-23,2025-04-02,,Branch,BR004,2421
CTR00058,CUST0078,Investment Product,Active,2026-03-31,2026-04-11,,Digital,BR006,59106
CTR00059,CUST0046,Investment Product,Active,2025-02-28,2025-03-02,,Relationship Manager,BR004,88473
CTR00060,CUST0047,Credit Card,Pending,2025-05-27,,,Relationship Manager,BR004,4977
CTR00061,CUST0005,Credit Card,Active,2026-01-11,2026-01-22,,Relationship Manager,BR001,3136
CTR00062,CUST0078,Credit Card,Active,2026-01-15,2026-01-26,,Digital,BR005,3636
CTR00063,CUST0018,Term Deposit,Active,2025-10-13,2025-10-20,,Digital,BR006,15369
CTR00064,CUST0024,Business Loan,Active,2025-05-01,2025-05-09,,Branch,BR006,204152
CTR00065,CUST0058,Current Account,Pending,2025-10-20,,,Digital,BR001,4023
CTR00066,CUST0018,Mortgage,Active,2026-04-01,2026-04-03,,Relationship Manager,BR003,213471
CTR00067,CUST0086,Term Deposit,Active,2025-10-25,2025-11-03,,Relationship Manager,BR006,21144
CTR00068,CUST0090,Credit Card,Cancelled,2026-06-05,,2026-06-13,Digital,BR002,994
CTR00069,CUST0031,Business Loan,Active,2026-01-13,2026-01-27,,Relationship Manager,BR002,211675
CTR00070,CUST0079,Mortgage,Active,2026-02-12,2026-02-27,,Branch,BR004,138807
CTR00071,CUST0074,Mortgage,Active,2025-11-21,2025-11-23,,Branch,BR006,118958
CTR00072,CUST0067,Term Deposit,Active,2025-07-06,2025-07-10,,Relationship Manager,BR001,57204
CTR00073,CUST0016,Credit Card,Active,2025-06-15,2025-06-25,,Branch,BR005,1847
CTR00074,CUST0037,Mortgage,Active,2025-10-09,2025-10-13,,Branch,BR005,164845
CTR00075,CUST0069,Mortgage,Active,2025-06-22,2025-06-26,,Relationship Manager,BR005,45879
CTR00076,CUST0093,Term Deposit,Cancelled,2025-02-12,,2025-03-11,Digital,BR001,4218
CTR00077,CUST0083,Savings Account,Active,2026-03-03,2026-03-03,,Relationship Manager,BR005,4079
CTR00078,CUST0038,Savings Account,Active,2026-02-20,2026-03-01,,Digital,BR006,3715
CTR00079,CUST0008,Credit Card,Active,2026-05-11,2026-05-25,,Branch,BR005,1671
CTR00080,CUST0019,Term Deposit,Rejected,2025-11-23,,,Branch,BR004,96733
CTR00081,CUST0017,Term Deposit,Active,2025-04-19,2025-04-29,,Branch,BR001,32185
CTR00082,CUST0035,Business Loan,Active,2025-04-10,2025-04-11,,Branch,BR005,77077
CTR00083,CUST0054,Current Account,Pending,2025-06-13,,,Relationship Manager,BR006,2682
CTR00084,CUST0041,Current Account,Cancelled,2026-05-26,,2026-06-12,Branch,BR003,3824
CTR00085,CUST0064,Consumer Loan,Active,2026-02-07,2026-02-21,,Digital,BR005,64105
CTR00086,CUST0046,Consumer Loan,Active,2026-05-22,2026-06-06,,Relationship Manager,BR001,75907
CTR00087,CUST0014,Investment Product,Active,2025-09-28,2025-10-09,,Branch,BR001,53355
CTR00088,CUST0052,Consumer Loan,Active,2025-07-19,2025-07-30,,Branch,BR001,146024
CTR00089,CUST0050,Business Loan,Cancelled,2025-10-14,,2025-11-10,Relationship Manager,BR005,164379
CTR00090,CUST0016,Credit Card,Pending,2026-02-08,,,Branch,BR005,3057
CTR00091,CUST0047,Credit Card,Active,2026-06-06,2026-06-18,,Digital,BR001,4096
CTR00092,CUST0005,Credit Card,Active,2026-05-01,2026-05-15,,Relationship Manager,BR005,1220
CTR00093,CUST0018,Term Deposit,Pending,2025-11-23,,,Branch,BR005,21799
CTR00094,CUST0095,Savings Account,Active,2026-06-04,2026-06-19,,Branch,BR004,4611
CTR00095,CUST0003,Term Deposit,Active,2025-04-23,2025-05-06,,Branch,BR006,77007
CTR00096,CUST0089,Consumer Loan,Active,2025-09-29,2025-10-06,,Digital,BR005,190110
CTR00097,CUST0062,Credit Card,Active,2026-01-25,2026-01-29,,Digital,BR005,1984
CTR00098,CUST0090,Mortgage,Active,2026-03-28,2026-04-07,,Digital,BR004,110780
CTR00099,CUST0089,Current Account,Active,2026-04-28,2026-04-29,,Relationship Manager,BR002,1131
CTR00100,CUST0072,Term Deposit,Pending,2026-05-05,,,Branch,BR003,69375
CTR00101,CUST0023,Business Loan,Rejected,2025-12-17,,,Branch,BR006,144202
CTR00102,CUST0099,Savings Account,Active,2025-07-16,2025-07-23,,Relationship Manager,BR003,2285
CTR00103,CUST0029,Savings Account,Cancelled,2025-08-01,,2025-08-24,Branch,BR004,4005
CTR00104,CUST0045,Savings Account,Active,2026-01-24,2026-02-05,,Digital,BR003,2827
CTR00105,CUST0006,Savings Account,Pending,2025-03-22,,,Branch,BR006,2837
CTR00106,CUST0033,Business Loan,Active,2025-10-05,2025-10-13,,Digital,BR005,36985
CTR00107,CUST0095,Current Account,Active,2026-06-28,2026-07-05,,Digital,BR001,1907
CTR00108,CUST0053,Term Deposit,Active,2025-04-13,2025-04-17,,Relationship Manager,BR002,1179
CTR00109,CUST0053,Business Loan,Active,2025-07-24,2025-08-02,,Branch,BR006,85192
CTR00110,CUST0008,Loan Plus,Active,2025-08-26,2025-08-27,,Digital,BR004,240397
CTR00111,CUST0023,Consumer Loan,Pending,2026-02-11,,,Branch,BR002,207559
CTR00112,CUST0096,Savings Account,Rejected,2025-01-10,,,Relationship Manager,BR005,2444
CTR00113,CUST0014,Term Deposit,Active,2026-06-21,2026-07-06,,Relationship Manager,BR004,18089
CTR00114,CUST0035,Current Account,Cancelled,2025-12-05,,2025-12-11,Relationship Manager,BR003,3759
CTR00115,CUST0092,Credit Card,Active,2025-12-12,2025-12-21,,Relationship Manager,BR002,4651
CTR00116,CUST0023,Investment Product,Cancelled,2026-06-12,,2026-06-23,Branch,BR006,11868
CTR00117,CUST0013,Credit Card,Pending,2026-05-04,,,Digital,BR001,2650
CTR00118,CUST0034,Investment Product,Active,2025-10-01,2025-10-11,,Relationship Manager,BR006,40076
CTR00119,CUST0074,Consumer Loan,Active,2026-01-04,2026-01-11,,Relationship Manager,BR001,17285
CTR00120,CUST0060,Savings Account,Active,2026-05-30,2026-06-08,,Relationship Manager,BR003,961
CTR00121,CUST0048,Current Account,Active,2025-05-17,2025-06-01,,Branch,BR006,1254
CTR00122,CUST0078,Term Deposit,Active,2026-04-28,2026-05-04,,Relationship Manager,BR005,32935
CTR00123,CUST0011,Business Loan,Active,2026-01-06,2026-01-08,,Relationship Manager,BR001,241450
CTR00124,CUST0008,Current Account,Active,2025-06-03,2025-06-08,,Relationship Manager,BR004,2687
CTR00125,CUST0015,Current Account,Active,2026-05-16,2026-05-18,,Branch,BR001,4180
CTR00126,CUST0059,Credit Card,Active,2026-04-13,2026-04-14,,Branch,BR006,4577
CTR00127,CUST0040,Consumer Loan,Active,2025-01-04,2025-01-10,,Digital,BR001,152600
CTR00128,CUST0055,Term Deposit,Active,2025-03-03,2025-03-05,,Digital,BR003,62375
CTR00129,CUST0053,Credit Card,Cancelled,2026-03-07,,2026-03-19,Branch,BR004,3133
CTR00130,CUST0049,Mortgage,Active,2025-05-17,2025-05-28,,Digital,BR005,32098
CTR00131,CUST0051,Credit Card,Active,2025-08-17,2025-08-17,,Branch,BR004,186
CTR00132,CUST0087,Investment Product,Active,2025-08-24,2025-08-31,,Branch,BR002,60875
CTR00133,CUST0036,Current Account,Pending,2025-04-26,,,Relationship Manager,BR004,263
CTR00134,CUST0079,Consumer Loan,Active,2025-03-10,2025-03-13,,Digital,BR004,156698
CTR00135,CUST0077,Consumer Loan,Active,2025-02-15,2025-02-27,,Digital,BR005,116071
CTR00136,CUST0028,Consumer Loan,Active,2025-10-24,2025-10-31,,Relationship Manager,BR005,214853
CTR00137,CUST0041,Term Deposit,Active,2025-05-27,2025-06-03,,Branch,BR003,54706
CTR00138,CUST0008,Credit Card,Active,2026-03-14,2026-03-29,,Branch,BR006,384
CTR00139,CUST0086,Investment Product,Cancelled,2025-11-23,,2025-12-16,Branch,BR002,55068
CTR00140,CUST0039,Investment Product,Active,2026-04-30,2026-05-07,,Branch,BR006,30036
CTR00141,CUST0019,Business Loan,Rejected,2026-02-27,,,Relationship Manager,BR005,110185
CTR00142,CUST0018,Investment Product,Active,2025-07-28,2025-08-07,,Digital,BR004,85265
CTR00143,CUST0048,Mortgage,Active,2025-07-15,2025-07-16,,Branch,BR006,71375
CTR00144,CUST0078,Consumer Loan,Rejected,2025-07-12,,,Relationship Manager,BR006,211934
CTR00145,CUST0086,Current Account,Active,2025-12-07,2025-12-16,,Digital,BR002,125
CTR00146,CUST0095,Mortgage,Active,2026-05-06,2026-05-13,,Relationship Manager,BR006,183354
CTR00147,CUST0027,Investment Product,Rejected,2025-11-26,,,Branch,BR004,37601
CTR00148,CUST0069,Term Deposit,Active,2026-01-04,2026-01-19,,Digital,BR006,61580
CTR00149,CUST0061,Term Deposit,Rejected,2026-01-15,,,Branch,BR001,41515
CTR00150,CUST0073,Current Account,Active,2025-01-17,2025-01-25,,Relationship Manager,BR005,4532
CTR00151,CUST0093,Investment Product,Active,2025-07-20,2025-07-30,,Branch,BR005,30649
CTR00152,CUST0032,Business Loan,Active,2025-12-12,2025-12-20,,Branch,BR006,201110
CTR00153,CUST0083,Business Loan,Active,2025-12-27,2026-01-01,,Relationship Manager,BR005,37689
CTR00154,CUST0063,Credit Card,Rejected,2025-03-02,,,Digital,BR001,4292
CTR00155,CUST0086,Consumer Loan,Cancelled,2026-02-27,,2026-03-04,Relationship Manager,BR002,221868
CTR00156,CUST0009,Credit Card,Active,2026-06-02,2026-06-16,,Digital,BR005,3057
CTR00157,CUST0082,Business Loan,Active,2025-01-17,2025-01-17,,Relationship Manager,BR004,140516
CTR00158,CUST0002,Consumer Loan,Active,2025-10-09,2025-10-18,,Relationship Manager,BR006,5493
CTR00159,CUST0087,Investment Product,Cancelled,2025-07-03,,2025-07-07,Relationship Manager,BR002,13124
CTR00160,CUST0031,Current Account,Active,2025-09-16,2025-09-27,,Branch,BR001,2189
CTR00161,CUST0048,Investment Product,Active,2025-09-07,2025-09-14,,Relationship Manager,BR001,39818
CTR00162,CUST0084,Consumer Loan,Active,2026-01-24,2026-02-05,,Branch,BR001,145887
CTR00163,CUST0082,Consumer Loan,Active,2025-03-26,2025-04-10,,Branch,BR006,222598
CTR00164,CUST0043,Mortgage,Rejected,2025-02-13,,,Digital,BR006,61231
CTR00165,CUST0073,Business Loan,Active,2025-03-18,2025-03-26,,Relationship Manager,BR005,236749
CTR00166,CUST0085,Consumer Loan,Active,2025-11-19,2025-11-19,,Relationship Manager,BR002,55305
CTR00167,CUST0097,Investment Product,Rejected,2025-11-03,,,Relationship Manager,BR002,21792
CTR00168,CUST0073,Investment Product,Active,2025-12-06,2025-12-18,,Relationship Manager,BR002,99539
CTR00169,CUST0089,Mortgage,Active,2025-12-21,2025-12-22,,Branch,BR002,26607
CTR00170,CUST0010,Term Deposit,Active,2026-02-11,2026-02-21,,Relationship Manager,BR003,4383
CTR00171,CUST0058,Business Loan,Active,2026-01-20,2026-02-02,,Relationship Manager,BR005,49690
CTR00172,CUST0085,Investment Product,Active,2025-10-30,2025-11-06,,Digital,BR001,93968
CTR00173,CUST0035,Credit Card,Active,2025-06-07,2025-06-19,,Branch,BR001,2594
CTR00174,CUST0012,Consumer Loan,Pending,2026-04-01,,,Branch,BR001,95350
CTR00175,CUST0017,Mortgage,Active,2026-04-05,2026-04-18,,Digital,BR001,28077
CTR00176,CUST0046,Mortgage,Active,2025-11-29,2025-12-11,,Branch,BR004,4235
CTR00177,CUST0050,Mortgage,Active,2025-09-06,2025-09-11,,Branch,BR002,180651
CTR00178,CUST0018,Savings Account,Active,2026-05-20,2026-05-24,,Digital,BR004,518
CTR00179,CUST0036,Investment Product,Active,2025-03-20,2025-03-31,,Digital,BR006,33490
CTR00180,CUST0081,Business Loan,Active,2025-07-20,2025-08-03,,Digital,BR003,29042
CTR00181,CUST0001,Investment Product,Active,2026-01-25,2026-02-04,,Branch,BR004,58200
CTR00182,CUST0084,Credit Card,Active,2025-07-25,2025-08-09,,Digital,BR004,2573
CTR00183,CUST0041,Savings Account,Active,2026-05-18,2026-05-25,,Branch,BR003,2669
CTR00184,CUST0051,Term Deposit,Active,2025-07-24,2025-07-29,,Relationship Manager,BR001,89853
CTR00185,CUST0094,Business Loan,Pending,2025-08-03,,,Branch,BR006,115938
CTR00186,CUST0009,Investment Product,Active,2025-05-23,2025-06-01,,Branch,BR006,32222
CTR00187,CUST0020,Investment Product,Cancelled,2025-03-17,,2025-04-01,Branch,BR005,78872
CTR00188,CUST0052,Investment Product,Active,2026-01-04,2026-01-06,,Digital,BR006,14835
CTR00189,CUST0086,Term Deposit,Active,2025-02-15,2025-02-27,,Branch,BR004,99155
CTR00190,CUST0014,Consumer Loan,Active,2025-08-16,2025-08-23,,Branch,BR004,117858
CTR00191,CUST0060,Credit Card,Active,2025-01-26,2025-02-10,,Branch,BR004,856
CTR00192,CUST0011,Mortgage,Cancelled,2025-05-26,,2025-06-07,Branch,BR004,82760
CTR00193,CUST0027,Business Loan,Active,2025-04-10,2025-04-24,,Relationship Manager,BR004,190266
CTR00194,CUST0041,Mortgage,Active,2025-04-28,2025-04-28,,Branch,BR006,223607
CTR00195,CUST0014,Credit Card,Rejected,2025-09-07,,,Digital,BR005,4227
CTR00196,CUST0021,Term Deposit,Active,2026-04-19,2026-04-26,,Relationship Manager,BR002,53590
CTR00197,CUST0024,Investment Product,Active,2025-07-22,2025-08-05,,Branch,BR004,78121
CTR00198,CUST0001,Current Account,Active,2025-03-06,2025-03-09,,Digital,BR003,4398
CTR00199,CUST0042,Current Account,Active,2025-09-26,2025-10-11,,Relationship Manager,BR003,4323
CTR00200,CUST0077,Investment Product,Active,2025-04-27,2025-05-08,,Branch,BR005,46635
CTR00201,CUST0023,Savings Account,Rejected,2025-03-28,,,Branch,BR001,1097
CTR00202,CUST0031,Savings Account,Active,2026-01-18,2026-01-22,,Branch,BR004,4184
CTR00203,CUST0077,Credit Card,Active,2026-03-10,2026-03-15,,Relationship Manager,BR005,3986
CTR00204,CUST0089,Credit Card,Active,2026-05-17,2026-05-26,,Digital,BR003,1149
CTR00205,CUST0058,Consumer Loan,Rejected,2025-01-10,,,Digital,BR002,128037
CTR00206,CUST0050,Business Loan,Active,2026-05-19,2026-06-01,,Branch,BR004,187159
CTR00207,CUST0022,Mortgage,Active,2025-08-14,2025-08-23,,Branch,BR002,9570
CTR00208,CUST0069,Savings Account,Active,2026-04-14,2026-04-29,,Relationship Manager,BR001,4503
CTR00209,CUST0074,Mortgage,Active,2026-01-11,2026-01-12,,Relationship Manager,BR004,200230
CTR00210,CUST0070,Current Account,Pending,2025-04-15,,,Branch,BR001,2027
CTR00211,CUST0058,Savings Account,Active,2025-03-31,2025-04-14,,Digital,BR002,961
CTR00212,CUST0095,Term Deposit,Rejected,2026-03-15,,,Relationship Manager,BR002,22255
CTR00213,CUST0027,Current Account,Cancelled,2025-12-26,,2026-01-13,Relationship Manager,BR005,2302
CTR00214,CUST0022,Term Deposit,Pending,2025-10-27,,,Relationship Manager,BR003,38423
CTR00215,CUST0066,Mortgage,Active,2026-02-26,2026-02-27,,Relationship Manager,BR002,73698
CTR00216,CUST0090,Crypto Account,Active,2025-11-26,2025-12-03,,Branch,BR002,3217
CTR00217,CUST0074,Savings Account,Active,2026-01-20,2026-02-03,,Relationship Manager,BR001,618
CTR00218,CUST0052,Savings Account,Active,2026-01-13,2026-01-27,,Branch,BR005,3998
CTR00219,CUST0001,Mortgage,Active,2026-04-15,2026-04-26,,Digital,BR005,223850
CTR00220,CUST0051,Current Account,Pending,2025-08-05,,,Branch,BR003,4052
CTR00221,CUST0037,Term Deposit,Active,2025-05-14,2025-05-29,,Relationship Manager,BR001,45554
CTR00222,CUST0006,Mortgage,Active,2026-04-16,2026-04-16,,Digital,BR004,33568
CTR00223,CUST0059,Consumer Loan,Pending,2026-03-15,,,Relationship Manager,BR002,54036
CTR00224,CUST0084,Savings Account,Active,2025-10-08,2025-10-10,,Branch,BR001,2952
CTR00225,CUST0048,Credit Card,Active,2025-11-09,2025-11-16,,Relationship Manager,BR001,3516
CTR00226,CUST0091,Mortgage,Active,2026-05-04,2026-05-06,,Relationship Manager,BR002,35786
CTR00227,CUST0067,Business Loan,Active,2025-12-18,2025-12-21,,Branch,BR006,226533
CTR00228,CUST0017,Business Loan,Active,2026-01-28,2026-01-30,,Digital,BR001,192565
CTR00229,CUST0041,Term Deposit,Rejected,2025-05-21,,,Digital,BR006,50664
CTR00230,CUST0087,Credit Card,Active,2025-01-09,2025-01-14,,Branch,BR006,3605
CTR00231,CUST0028,Credit Card,Rejected,2026-03-30,,,Digital,BR001,1779
CTR00232,CUST0018,Mortgage,Active,2026-01-29,2026-02-09,,Branch,BR002,113561
CTR00233,CUST0032,Savings Account,Active,2025-09-12,2025-09-21,,Relationship Manager,BR003,219
CTR00234,CUST0027,Current Account,Active,2025-10-30,2025-10-31,,Branch,BR004,1960
CTR00235,CUST0015,Current Account,Active,2025-03-14,2025-03-14,,Branch,BR002,2958
CTR00236,CUST0050,Investment Product,Active,2025-06-26,2025-07-11,,Digital,BR005,10067
CTR00237,CUST0009,Consumer Loan,Active,2025-02-10,2025-02-11,,Branch,BR005,249690
CTR00238,CUST0037,Investment Product,Active,2026-02-16,2026-02-18,,Relationship Manager,BR005,84456
CTR00239,CUST0079,Credit Card,Active,2025-11-14,2025-11-16,,Digital,BR002,4188
CTR00240,CUST0069,Term Deposit,Active,2025-03-09,2025-03-18,,Branch,BR006,92076
CTR00241,CUST0031,Consumer Loan,Active,2026-03-21,2026-03-24,,Relationship Manager,BR005,119848
CTR00242,CUST0008,Savings Account,Active,2025-06-29,2025-07-02,,Relationship Manager,BR002,103
CTR00243,CUST0090,Consumer Loan,Active,2025-12-22,2025-12-30,,Branch,BR002,44768
CTR00244,CUST0096,Savings Account,Active,2025-05-01,2025-05-01,,Branch,BR003,2744
CTR00245,CUST0068,Mortgage,Active,2025-03-20,2025-04-04,,Relationship Manager,BR003,120327
CTR00246,CUST0008,Business Loan,Cancelled,2025-06-20,,2025-07-02,Branch,BR001,42237
CTR00247,CUST0074,Mortgage,Active,2026-06-06,2026-06-06,,Digital,BR002,12544
CTR00248,CUST0006,Business Loan,Active,2025-06-03,2025-06-08,,Digital,BR005,245098
CTR00249,CUST0092,Investment Product,Active,2025-09-12,2025-09-25,,Branch,BR003,94909
CTR00250,CUST0010,Term Deposit,Active,2025-02-23,2025-02-28,,Relationship Manager,BR001,29753
CTR00251,CUST0052,Mortgage,Rejected,2025-10-17,,,Branch,BR003,203775
CTR00252,CUST0012,Business Loan,Active,2025-07-25,2025-08-03,,Branch,BR006,148798
CTR00253,CUST0080,Current Account,Active,2026-05-21,2026-05-27,,Digital,BR002,4477
CTR00254,CUST0001,Investment Product,Active,2025-12-21,2025-12-21,,Digital,BR006,44411
CTR00255,CUST0049,Savings Account,Active,2026-06-27,2026-07-04,,Branch,BR001,3439
CTR00256,CUST0019,Savings Account,Active,2025-08-26,2025-09-08,,Branch,BR006,3051
CTR00257,CUST0011,Mortgage,Active,2026-02-08,2026-02-10,,Relationship Manager,BR001,156161
CTR00258,CUST0056,Credit Card,Active,2025-09-25,2025-10-05,,Relationship Manager,BR006,3219
CTR00259,CUST0042,Term Deposit,Active,2025-08-28,2025-08-30,,Digital,BR005,27069
CTR00260,CUST0014,Credit Card,Active,2026-04-06,2026-04-20,,Branch,BR001,2572
CTR00261,CUST0069,Term Deposit,Pending,2025-08-01,,,Branch,BR004,59733
CTR00262,CUST0034,Mortgage,Active,2025-11-08,2025-11-09,,Branch,BR002,57366
CTR00263,CUST0012,Current Account,Pending,2026-02-10,,,Digital,BR006,4206
CTR00264,CUST0039,Savings Account,Cancelled,2025-06-28,,2025-06-29,Branch,BR005,3312
CTR00265,CUST0096,Current Account,Active,2025-04-15,2025-04-19,,Digital,BR001,994
CTR00266,CUST0100,Current Account,Active,2026-02-15,2026-02-26,,Relationship Manager,BR005,688
CTR00267,CUST0034,Mortgage,Active,2025-03-08,2025-03-14,,Relationship Manager,BR004,237583
CTR00268,CUST0017,Mortgage,Rejected,2025-12-06,,,Digital,BR004,33119
CTR00269,CUST0007,Credit Card,Rejected,2026-03-20,,,Branch,BR001,3235
CTR00270,CUST0049,Investment Product,Active,2025-08-08,2025-08-13,,Branch,BR004,36542
CTR00271,CUST0020,Consumer Loan,Active,2025-09-09,2025-09-18,,Branch,BR005,131781
CTR00272,CUST0062,Consumer Loan,Active,2026-01-28,2026-02-01,,Digital,BR006,110899
CTR00273,CUST0068,Current Account,Active,2025-01-20,2025-02-01,,Branch,BR005,2941
CTR00274,CUST0063,Term Deposit,Rejected,2026-05-30,,,Branch,BR003,42653
CTR00275,CUST0024,Consumer Loan,Active,2025-08-13,2025-08-13,,Branch,BR001,235819
CTR00276,CUST0061,Term Deposit,Cancelled,2025-08-27,,2025-09-02,Digital,BR006,13624
CTR00277,CUST0031,Savings Account,Active,2025-02-27,2025-03-06,,Branch,BR003,4716
CTR00278,CUST0023,Credit Card,Active,2025-11-22,2025-12-03,,Digital,BR006,4846
CTR00279,CUST0090,Term Deposit,Pending,2025-05-26,,,Digital,BR004,74307
CTR00280,CUST0070,Savings Account,Active,2025-02-08,2025-02-10,,Digital,BR005,460
CTR00281,CUST0029,Consumer Loan,Active,2025-01-01,2025-01-11,,Relationship Manager,BR002,241620
CTR00282,CUST0017,Term Deposit,Active,2025-11-28,2025-11-29,,Digital,BR005,3372
CTR00283,CUST0091,Credit Card,Cancelled,2026-06-23,,2026-07-21,Digital,BR003,2989
CTR00284,CUST0091,Investment Product,Active,2025-12-11,2025-12-20,,Digital,BR002,42784
CTR00285,CUST0094,Investment Product,Cancelled,2026-05-14,,2026-06-04,Digital,BR006,42086
CTR00286,CUST0072,Term Deposit,Active,2025-06-29,2025-07-11,,Relationship Manager,BR006,40715
CTR00287,CUST0038,Credit Card,Active,2025-01-02,2025-01-14,,Digital,BR002,4648
CTR00288,CUST0078,Term Deposit,Rejected,2025-08-15,,,Relationship Manager,BR001,84339
CTR00289,CUST0064,Credit Card,Active,2025-03-21,2025-03-28,,Branch,BR002,2841
CTR00290,CUST0082,Mortgage,Cancelled,2025-12-10,,2025-12-25,Branch,BR002,3987
CTR00291,CUST0032,Mortgage,Active,2025-04-21,2025-04-21,,Branch,BR004,13621
CTR00292,CUST0094,Investment Product,Pending,2026-02-28,,,Branch,BR003,65129
CTR00293,CUST0070,Investment Product,Active,2026-05-06,2026-05-13,,Branch,BR001,21819
CTR00294,CUST0005,Savings Account,Active,2025-09-25,2025-09-28,,Branch,BR002,607
CTR00295,CUST0049,Credit Card,Active,2025-04-06,2025-04-16,,Relationship Manager,BR004,4866
CTR00296,CUST0091,Consumer Loan,Active,2025-06-18,2025-07-01,,Digital,BR001,42183
CTR00297,CUST0043,Current Account,Pending,2026-02-24,,,Relationship Manager,BR006,4539
CTR00298,CUST0070,Savings Account,Active,2025-11-01,2025-11-08,,Digital,BR004,785
CTR00299,CUST0074,Business Loan,Active,2026-01-05,2026-01-05,,Digital,BR003,113094
CTR00300,CUST0085,Business Loan,Active,2025-01-27,2025-02-02,,Relationship Manager,BR003,45782
CTR00301,CUST0011,Business Loan,Cancelled,2025-11-12,,2025-12-08,Branch,BR004,105193
CTR00302,CUST0085,Savings Account,Active,2026-02-01,2026-02-06,,Branch,BR003,3039
CTR00303,CUST0024,Business Loan,Active,2026-03-27,2026-04-10,,Digital,BR003,70048
CTR00304,CUST0073,Consumer Loan,Active,2025-04-10,2025-04-12,,Branch,BR005,176149
CTR00305,CUST0053,Current Account,Active,2026-02-01,2026-02-14,,Relationship Manager,BR004,4386
CTR00306,CUST0074,Current Account,Active,2025-03-22,2025-04-03,,Relationship Manager,BR005,284
CTR00307,CUST0067,Credit Card,Active,2026-04-05,2026-04-10,,Digital,BR002,1369
CTR00308,CUST0017,Consumer Loan,Active,2026-03-22,2026-03-28,,Relationship Manager,BR002,216630
CTR00309,CUST0077,Savings Account,Active,2025-03-10,2025-03-12,,Relationship Manager,BR004,3179
CTR00310,CUST0071,Term Deposit,Cancelled,2026-06-17,,2026-07-02,Relationship Manager,BR005,2120
CTR00311,CUST0076,Investment Product,Active,2025-06-03,2025-06-07,,Relationship Manager,BR005,74764
CTR00312,CUST0098,Mortgage,Rejected,2025-04-14,,,Branch,BR005,206978
CTR00313,CUST0045,Investment Product,Active,2026-05-13,2026-05-28,,Digital,BR003,5410
CTR00314,CUST0052,Credit Card,Active,2026-02-16,2026-02-17,,Branch,BR006,3242
CTR00315,CUST0031,Consumer Loan,Active,2025-10-03,2025-10-14,,Branch,BR003,6303
CTR00316,CUST0040,Savings Account,Cancelled,2025-04-11,,2025-05-09,Digital,BR003,1867
CTR00317,CUST0096,Business Loan,Cancelled,2025-11-25,,2025-12-04,Branch,BR005,192050
CTR00318,CUST0083,Mortgage,Active,2025-08-05,2025-08-18,,Branch,BR005,195234
CTR00319,CUST0048,Unknown Product,Active,2025-06-12,2025-06-14,,Relationship Manager,BR005,82559
CTR00320,CUST0052,Credit Card,Cancelled,2026-06-21,,2026-07-20,Digital,BR002,4658
CTR00321,CUST0025,Current Account,Cancelled,2025-09-13,,2025-09-15,Digital,BR003,3739
CTR00322,CUST0091,Current Account,Active,2026-04-21,2026-05-03,,Relationship Manager,BR001,1014
CTR00323,CUST0031,Term Deposit,Active,2026-04-02,2026-04-07,,Relationship Manager,BR005,62704
CTR00324,CUST0045,Term Deposit,Active,2025-09-22,2025-09-24,,Digital,BR004,37864
CTR00325,CUST0007,Credit Card,Cancelled,2025-08-08,,2025-09-05,Relationship Manager,BR002,1813
CTR00326,CUST0087,Current Account,Active,2026-02-24,2026-02-24,,Branch,BR002,72
CTR00327,CUST0083,Credit Card,Active,2025-01-09,2025-01-16,,Relationship Manager,BR003,2067
CTR00328,CUST0092,Savings Account,Active,2026-01-21,2026-02-01,,Branch,BR002,3760
CTR00329,CUST0060,Savings Account,Active,2026-02-11,2026-02-14,,Relationship Manager,BR006,60
CTR00330,CUST0048,Savings Account,Active,2025-04-21,2025-05-06,,Branch,BR003,522
CTR00331,CUST0082,Term Deposit,Rejected,2025-09-25,,,Relationship Manager,BR006,86498
CTR00332,CUST0039,Current Account,Active,2025-09-04,2025-09-05,,Branch,BR006,4915
CTR00333,CUST0041,Credit Card,Active,2026-05-25,2026-06-03,,Branch,BR004,2125
CTR00334,CUST0050,Consumer Loan,Active,2025-07-14,2025-07-24,,Relationship Manager,BR002,191460
CTR00335,CUST0088,Business Loan,Rejected,2026-01-03,,,Branch,BR002,133989
CTR00336,CUST0085,Credit Card,Active,2026-04-28,2026-05-02,,Relationship Manager,BR005,2118
CTR00337,CUST0098,Credit Card,Pending,2025-12-10,,,Digital,BR003,731
CTR00338,CUST0029,Savings Account,Active,2025-12-06,2025-12-17,,Relationship Manager,BR003,2134
CTR00339,CUST0060,Mortgage,Active,2025-03-14,2025-03-29,,Digital,BR005,234157
CTR00340,CUST0016,Investment Product,Active,2026-02-28,2026-03-01,,Digital,BR002,20262
CTR00341,CUST0044,Investment Product,Pending,2026-04-14,,,Branch,BR006,19272
CTR00342,CUST0024,Mortgage,Active,2025-07-01,2025-07-11,,Digital,BR001,167330
CTR00343,CUST0058,Savings Account,Active,2025-06-22,2025-06-27,,Digital,BR002,4010
CTR00344,CUST0079,Investment Product,Active,2026-02-18,2026-03-03,,Branch,BR001,63073
CTR00345,CUST0005,Current Account,Active,2025-01-15,2025-01-25,,Digital,BR001,4350
CTR00346,CUST0087,Consumer Loan,Active,2025-09-12,2025-09-19,,Branch,BR003,182803
CTR00347,CUST0017,Mortgage,Active,2025-11-10,2025-11-15,,Digital,BR003,18114
CTR00348,CUST0038,Business Loan,Active,2026-06-21,2026-07-01,,Relationship Manager,BR002,114682
CTR00349,CUST0044,Business Loan,Active,2025-07-12,2025-07-17,,Branch,BR001,249534
CTR00350,CUST0030,Current Account,Active,2025-05-15,2025-05-21,,Relationship Manager,BR005,179
CTR00351,CUST0022,Mortgage,Active,2025-02-08,2025-02-20,,Relationship Manager,BR003,230780
CTR00352,CUST0099,Consumer Loan,Active,2025-02-19,2025-02-22,,Digital,BR001,172328
CTR00353,CUST0089,Mortgage,Active,2026-01-25,2026-01-28,,Branch,BR004,144466
CTR00354,CUST0090,Credit Card,Active,2025-01-10,2025-01-19,,Relationship Manager,BR001,3447
CTR00355,CUST0085,Savings Account,Active,2025-05-21,2025-06-03,,Relationship Manager,BR006,859
CTR00356,CUST0080,Mortgage,Active,2025-04-19,2025-05-04,,Relationship Manager,BR002,53074
CTR00357,CUST0100,Savings Account,Cancelled,2025-07-26,,2025-08-07,Branch,BR002,3356
CTR00358,CUST0006,Business Loan,Rejected,2026-05-08,,,Digital,BR001,87665
CTR00359,CUST0002,Mortgage,Rejected,2026-05-21,,,Digital,BR005,40097
CTR00360,CUST0010,Mortgage,Rejected,2025-08-25,,,Branch,BR003,120734
CTR00361,CUST0060,Consumer Loan,Active,2025-06-28,2025-06-29,,Branch,BR003,224411
CTR00362,CUST0087,Term Deposit,Active,2025-04-29,2025-05-02,,Digital,BR001,99879
CTR00363,CUST0018,Credit Card,Active,2026-03-25,2026-04-02,,Branch,BR003,761
CTR00364,CUST0024,Mortgage,Active,2026-04-13,2026-04-21,,Branch,BR006,220075
CTR00365,CUST0062,Investment Product,Active,2025-06-20,2025-06-23,,Relationship Manager,BR006,17868
CTR00366,CUST0008,Credit Card,Active,2026-05-10,2026-05-24,,Relationship Manager,BR004,1484
CTR00367,CUST0100,Term Deposit,Active,2025-05-14,2025-05-29,,Digital,BR004,64479
CTR00368,CUST0057,Consumer Loan,Active,2025-11-18,2025-11-18,,Relationship Manager,BR005,185698
CTR00369,CUST0099,Current Account,Pending,2025-12-13,,,Relationship Manager,BR006,4252
CTR00370,CUST0090,Mortgage,Active,2025-09-12,2025-09-27,,Relationship Manager,BR006,91636
CTR00371,CUST0083,Investment Product,Active,2025-02-25,2025-02-25,,Digital,BR005,84831
CTR00372,CUST0061,Business Loan,Rejected,2025-03-18,,,Branch,BR003,197982
CTR00373,CUST0031,Term Deposit,Pending,2025-02-21,,,Digital,BR005,66944
CTR00374,CUST0083,Investment Product,Active,2025-08-29,2025-08-31,,Branch,BR005,60674
CTR00375,CUST0058,Mortgage,Cancelled,2026-04-03,,2026-04-14,Branch,BR006,32118
CTR00376,CUST0084,Consumer Loan,Active,2026-02-27,2026-02-28,,Relationship Manager,BR001,147048
CTR00377,CUST0012,Savings Account,Rejected,2025-07-31,,,Branch,BR003,3737
CTR00378,CUST0007,Current Account,Cancelled,2025-12-06,,2025-12-24,Branch,BR006,4914
CTR00379,CUST0085,Term Deposit,Active,2025-04-27,2025-04-30,,Digital,BR001,86864
CTR00380,CUST0044,Term Deposit,Cancelled,2025-10-26,,2025-11-13,Branch,BR006,68917
CTR00381,CUST0014,Consumer Loan,Rejected,2026-05-20,,,Relationship Manager,BR006,37817
CTR00382,CUST0093,Investment Product,Active,2025-07-20,2025-07-26,,Branch,BR002,16326
CTR00383,CUST0059,Current Account,Active,2025-04-21,2025-05-04,,Relationship Manager,BR006,380
CTR00384,CUST0076,Mortgage,Cancelled,2026-04-07,,2026-04-22,Relationship Manager,BR005,173610
CTR00385,CUST0018,Business Loan,Active,2025-02-19,2025-03-04,,Relationship Manager,BR004,220890
CTR00386,CUST0066,Credit Card,Active,2025-06-27,2025-07-01,,Branch,BR006,848
CTR00387,CUST0077,Term Deposit,Active,2026-01-29,2026-02-11,,Relationship Manager,BR002,80322
CTR00388,CUST0036,Investment Product,Pending,2025-10-29,,,Digital,BR002,59855
CTR00389,CUST0053,Savings Account,Cancelled,2025-11-18,,2025-12-11,Relationship Manager,BR002,4534
CTR00390,CUST0026,Current Account,Active,2025-10-25,2025-11-05,,Relationship Manager,BR006,1086
CTR00391,CUST0023,Term Deposit,Active,2025-12-27,2026-01-11,,Relationship Manager,BR006,76889
CTR00392,CUST0091,Investment Product,Active,2025-10-20,2025-11-02,,Relationship Manager,BR001,2173
CTR00393,CUST0004,Investment Product,Active,2025-02-27,2025-03-05,,Digital,BR003,35493
CTR00394,CUST0088,Savings Account,Active,2025-03-05,2025-03-14,,Relationship Manager,BR001,1671
CTR00395,CUST0046,Business Loan,Active,2025-08-18,2025-08-30,,Relationship Manager,BR006,63284
CTR00396,CUST0037,Consumer Loan,Rejected,2026-02-01,,,Relationship Manager,BR003,110200
CTR00397,CUST0071,Consumer Loan,Active,2025-09-15,2025-09-21,,Branch,BR002,163676
CTR00398,CUST0082,Term Deposit,Active,2025-07-21,2025-07-27,,Branch,BR002,39058
CTR00399,CUST0088,Mortgage,Active,2025-06-27,2025-06-30,,Digital,BR004,99880
CTR00400,CUST0036,Savings Account,Active,2025-09-19,2025-09-19,,Branch,BR006,2707
CTR00401,CUST0020,Consumer Loan,Active,2025-11-27,2025-11-28,,Relationship Manager,BR005,203810
CTR00402,CUST0085,Savings Account,Active,2026-01-02,2026-01-04,,Relationship Manager,BR002,2603
CTR00403,CUST0024,Mortgage,Cancelled,2025-06-13,,2025-06-27,Relationship Manager,BR004,143365
CTR00404,CUST0012,Term Deposit,Active,2025-08-07,2025-08-17,,Branch,BR003,43893
CTR00405,CUST0028,Business Loan,Pending,2025-01-10,,,Relationship Manager,BR003,31073
CTR00406,CUST0058,Current Account,Rejected,2025-09-07,,,Relationship Manager,BR003,326
CTR00407,CUST0049,Mortgage,Active,2025-10-17,2025-10-17,,Relationship Manager,BR003,239901
CTR00408,CUST0066,Business Loan,Active,2025-10-31,2025-11-06,,Relationship Manager,BR001,84968
CTR00409,CUST0013,Credit Card,Pending,2025-01-08,,,Digital,BR006,536
CTR00410,CUST0081,Current Account,Rejected,2026-03-11,,,Digital,BR005,851
CTR00411,CUST0090,Investment Product,Active,2025-03-15,2025-03-19,,Branch,BR006,3613
CTR00412,CUST0043,Consumer Loan,Active,2025-02-25,2025-03-02,,Branch,BR005,209198
CTR00413,CUST0010,Current Account,Rejected,2026-02-22,,,Branch,BR006,3178
CTR00414,CUST0052,Investment Product,Active,2026-02-03,2026-02-06,,Digital,BR006,70601
CTR00415,CUST0093,Mortgage,Active,2025-02-16,2025-02-18,,Relationship Manager,BR001,94768
CTR00416,CUST0038,Savings Account,Active,2025-10-16,2025-10-30,,Branch,BR006,3124
CTR00417,CUST0004,Business Loan,Active,2025-08-14,2025-08-18,,Branch,BR005,196757
CTR00418,CUST0038,Credit Card,Active,2026-01-18,2026-01-18,,Relationship Manager,BR002,4534
CTR00419,CUST0016,Consumer Loan,Active,2026-02-08,2026-02-10,,Digital,BR006,80872
CTR00420,CUST0095,Term Deposit,Active,2026-06-09,2026-06-13,,Digital,BR002,21596
CTR00421,CUST0079,Savings Account,Active,2025-07-05,2025-07-06,,Branch,BR006,4496
CTR00422,CUST0071,Mortgage,Active,2025-03-10,2025-03-18,,Digital,BR006,26743
CTR00423,CUST0075,Loan Plus,Pending,2026-01-01,,,Relationship Manager,BR006,34610
CTR00424,CUST0031,Mortgage,Active,2025-03-13,2025-03-19,,Branch,BR004,84305
CTR00425,CUST0043,Savings Account,Active,2025-06-06,2025-06-17,,Branch,BR002,2591
CTR00426,CUST0001,Term Deposit,Active,2025-08-15,2025-08-28,,Branch,BR002,36764
CTR00427,CUST0087,Term Deposit,Rejected,2026-04-19,,,Branch,BR003,58873
CTR00428,CUST0063,Mortgage,Active,2025-03-25,2025-04-02,,Digital,BR005,226106
CTR00429,CUST0026,Savings Account,Active,2025-03-20,2025-03-22,,Relationship Manager,BR006,152
CTR00430,CUST0004,Investment Product,Cancelled,2025-08-06,,2025-09-05,Relationship Manager,BR003,5304
CTR00431,CUST0070,Business Loan,Active,2025-06-02,2025-06-13,,Digital,BR005,103891
CTR00432,CUST0094,Savings Account,Active,2026-05-29,2026-05-31,,Branch,BR005,3250
CTR00433,CUST0002,Current Account,Cancelled,2025-06-19,,2025-07-14,Digital,BR004,4211
CTR00434,CUST0021,Credit Card,Active,2025-05-30,2025-06-14,,Digital,BR002,2939
CTR00435,CUST0098,Business Loan,Active,2025-09-28,2025-10-09,,Digital,BR006,62346
CTR00436,CUST0027,Term Deposit,Active,2026-04-11,2026-04-12,,Relationship Manager,BR003,5730
CTR00437,CUST0014,Savings Account,Cancelled,2025-09-27,,2025-10-16,Relationship Manager,BR002,4459
CTR00438,CUST0049,Investment Product,Active,2025-03-21,2025-03-29,,Digital,BR005,49826
CTR00439,CUST0052,Term Deposit,Cancelled,2025-12-20,,2026-01-05,Relationship Manager,BR001,63691
CTR00440,CUST0065,Credit Card,Active,2025-08-24,2025-08-26,,Relationship Manager,BR003,4215
CTR00441,CUST0028,Credit Card,Active,2026-01-06,2026-01-09,,Branch,BR003,1886
CTR00442,CUST0093,Mortgage,Active,2026-05-06,2026-05-21,,Relationship Manager,BR002,56234
CTR00443,CUST0083,Investment Product,Active,2025-02-14,2025-02-18,,Relationship Manager,BR002,75668
CTR00444,CUST0018,Consumer Loan,Rejected,2025-05-31,,,Digital,BR003,15656
CTR00445,CUST0024,Investment Product,Active,2025-01-20,2025-01-29,,Digital,BR004,11739
CTR00446,CUST0078,Business Loan,Rejected,2025-06-24,,,Branch,BR005,58504
CTR00447,CUST0019,Credit Card,Active,2026-06-08,2026-06-16,,Relationship Manager,BR006,1373
CTR00448,CUST0044,Business Loan,Active,2025-03-12,2025-03-19,,Branch,BR002,100145
CTR00449,CUST0014,Consumer Loan,Active,2026-06-01,2026-06-14,,Digital,BR005,217665
CTR00450,CUST0013,Credit Card,Active,2025-02-09,2025-02-12,,Branch,BR006,763
CTR00451,CUST0017,Consumer Loan,Rejected,2026-03-18,,,Branch,BR003,137850
CTR00452,CUST0006,Investment Product,Active,2026-05-09,2026-05-21,,Relationship Manager,BR006,46443
CTR00453,CUST0098,Mortgage,Active,2025-09-18,2025-10-03,,Digital,BR001,201765
CTR00454,CUST0037,Investment Product,Active,2025-01-06,2025-01-06,,Relationship Manager,BR001,76257
CTR00455,CUST0067,Consumer Loan,Active,2025-07-30,2025-08-09,,Branch,BR001,108176
CTR00456,CUST0020,Investment Product,Active,2025-09-17,2025-09-25,,Branch,BR005,70768
CTR00457,CUST0047,Savings Account,Pending,2026-02-11,,,Branch,BR005,1668
CTR00458,CUST0072,Business Loan,Active,2026-05-11,2026-05-19,,Relationship Manager,BR003,81387
CTR00459,CUST0100,Investment Product,Active,2025-05-02,2025-05-09,,Relationship Manager,BR002,59036
CTR00460,CUST0013,Current Account,Active,2025-12-13,2025-12-14,,Branch,BR006,1316
CTR00461,CUST0001,Mortgage,Cancelled,2026-04-28,,2026-05-28,Branch,BR001,158350
CTR00462,CUST0009,Savings Account,Active,2025-03-23,2025-03-24,,Branch,BR005,3148
CTR00463,CUST0084,Savings Account,Active,2025-02-28,2025-03-05,,Branch,BR001,4049
CTR00464,CUST0026,Savings Account,Active,2026-06-07,2026-06-14,,Relationship Manager,BR001,1388
CTR00465,CUST0047,Current Account,Active,2025-06-11,2025-06-13,,Branch,BR003,2260
CTR00466,CUST0086,Investment Product,Active,2025-07-25,2025-07-25,,Relationship Manager,BR001,97090
CTR00467,CUST0012,Savings Account,Active,2025-12-23,2026-01-03,,Digital,BR005,2265
CTR00468,CUST0025,Business Loan,Rejected,2025-01-05,,,Digital,BR004,69447
CTR00469,CUST0065,Mortgage,Active,2026-05-31,2026-06-09,,Digital,BR005,90120
CTR00470,CUST0033,Savings Account,Active,2026-01-22,2026-02-06,,Branch,BR004,1992
CTR00471,CUST0088,Business Loan,Rejected,2025-01-29,,,Digital,BR003,127345
CTR00472,CUST0009,Investment Product,Active,2025-08-14,2025-08-21,,Branch,BR003,41883
CTR00473,CUST0067,Consumer Loan,Active,2025-09-27,2025-10-04,,Digital,BR004,76311
CTR00474,CUST0087,Term Deposit,Active,2025-07-02,2025-07-17,,Branch,BR002,41639
CTR00475,CUST0074,Savings Account,Active,2025-07-14,2025-07-29,,Digital,BR006,1635
CTR00476,CUST0031,Savings Account,Active,2025-07-27,2025-08-03,,Digital,BR001,2916
CTR00477,CUST0016,Mortgage,Active,2026-05-20,2026-05-20,,Relationship Manager,BR001,201342
CTR00478,CUST0062,Term Deposit,Active,2026-05-20,2026-05-28,,Digital,BR005,64830
CTR00479,CUST0036,Investment Product,Active,2025-05-12,2025-05-13,,Branch,BR004,69409
CTR00480,CUST0070,Consumer Loan,Active,2026-02-08,2026-02-13,,Digital,BR006,120851
CTR00481,CUST0067,Business Loan,Active,2025-01-09,2025-01-09,,Digital,BR004,177712
CTR00482,CUST0075,Mortgage,Active,2025-09-23,2025-09-28,,Branch,BR002,144802
CTR00483,CUST0035,Business Loan,Pending,2025-12-18,,,Digital,BR004,96924
CTR00484,CUST0055,Current Account,Active,2026-01-17,2026-01-28,,Branch,BR004,3281
CTR00485,CUST0024,Credit Card,Pending,2025-08-23,,,Relationship Manager,BR003,818
CTR00486,CUST0031,Investment Product,Cancelled,2025-07-20,,2025-07-25,Digital,BR004,97302
CTR00487,CUST0002,Credit Card,Active,2025-05-18,2025-05-28,,Branch,BR003,3986
CTR00488,CUST0072,Consumer Loan,Active,2025-06-17,2025-06-18,,Branch,BR004,57483
CTR00489,CUST0081,Mortgage,Active,2025-12-09,2025-12-17,,Branch,BR005,95624
CTR00490,CUST0072,Savings Account,Active,2026-02-26,2026-03-01,,Relationship Manager,BR005,2876
CTR00491,CUST0026,Credit Card,Pending,2025-10-19,,,Branch,BR006,2909
CTR00492,CUST0066,Business Loan,Cancelled,2026-04-03,,2026-05-02,Branch,BR005,21554
CTR00493,CUST0037,Business Loan,Active,2025-05-29,2025-06-03,,Branch,BR004,168924
CTR00494,CUST0081,Investment Product,Cancelled,2025-03-15,,2025-03-18,Branch,BR002,21733
CTR00495,CUST0041,Term Deposit,Active,2025-10-01,2025-10-13,,Branch,BR003,36053
CTR00496,CUST0096,Business Loan,Active,2025-07-08,2025-07-08,,Relationship Manager,BR002,33778
CTR00497,CUST0085,Savings Account,Pending,2025-03-23,,,Digital,BR004,1725
CTR00498,CUST0014,Mortgage,Active,2026-04-30,2026-05-01,,Branch,BR005,7911
CTR00499,CUST0098,Mortgage,Active,2025-06-09,2025-06-11,,Branch,BR003,172660
CTR00500,CUST0030,Current Account,Active,2026-03-30,2026-04-03,,Relationship Manager,BR002,1075
CTR00501,CUST0004,Consumer Loan,Active,2025-11-30,2025-12-15,,Relationship Manager,BR003,123471
CTR00502,CUST0071,Business Loan,Active,2025-07-01,2025-07-15,,Relationship Manager,BR006,166425
CTR00503,CUST0073,Investment Product,Active,2025-11-14,2025-11-25,,Relationship Manager,BR002,63631
CTR00504,CUST0012,Business Loan,Active,2026-02-27,2026-03-07,,Branch,BR001,41820
CTR00505,CUST0001,Credit Card,Active,2026-04-26,2026-04-26,,Branch,BR003,4029
CTR00506,CUST0002,Investment Product,Cancelled,2025-08-25,,2025-09-20,Relationship Manager,BR003,1446
CTR00507,CUST0025,Investment Product,Rejected,2026-03-24,,,Digital,BR002,52240
CTR00508,CUST0092,Investment Product,Cancelled,2025-08-14,,2025-08-23,Branch,BR006,10882
CTR00509,CUST0031,Savings Account,Active,2026-06-29,2026-07-07,,Digital,BR001,3382
CTR00510,CUST0024,Credit Card,Active,2026-04-12,2026-04-26,,Relationship Manager,BR005,2229
CTR00511,CUST0063,Current Account,Active,2025-06-05,2025-06-06,,Digital,BR002,4382
CTR00512,CUST0014,Savings Account,Active,2026-03-25,2026-03-25,,Digital,BR002,1907
CTR00513,CUST0002,Business Loan,Active,2026-03-07,2026-03-16,,Branch,BR003,206973
CTR00514,CUST0060,Consumer Loan,Active,2025-05-30,2025-05-31,,Branch,BR001,70862
CTR00515,CUST0070,Business Loan,Active,2025-09-14,2025-09-26,,Digital,BR001,218121
CTR00516,CUST0099,Current Account,Active,2026-03-30,2026-04-06,,Digital,BR004,274
CTR00517,CUST0095,Mortgage,Active,2025-08-02,2025-08-17,,Relationship Manager,BR003,103006
CTR00518,CUST0042,Credit Card,Active,2025-02-13,2025-02-16,,Branch,BR006,2075
CTR00519,CUST0039,Current Account,Active,2025-02-23,2025-03-01,,Digital,BR006,925
CTR00520,CUST0056,Term Deposit,Active,2025-10-10,2025-10-13,,Digital,BR001,52379
CTR00521,CUST0006,Business Loan,Active,2025-06-08,2025-06-19,,Digital,BR002,203059
CTR00522,CUST0021,Business Loan,Active,2025-12-13,2025-12-14,,Branch,BR006,16669
CTR00523,CUST0020,Mortgage,Active,2025-08-27,2025-09-06,,Relationship Manager,BR003,147368
CTR00524,CUST0057,Current Account,Active,2026-01-22,2026-02-02,,Branch,BR001,1103
CTR00525,CUST0063,Business Loan,Active,2026-05-17,2026-05-23,,Digital,BR005,149557
CTR00526,CUST0045,Term Deposit,Active,2025-10-09,2025-10-14,,Relationship Manager,BR002,9527
CTR00527,CUST0058,Savings Account,Cancelled,2026-01-11,,2026-01-26,Relationship Manager,BR005,5
CTR00528,CUST0049,Credit Card,Rejected,2026-01-08,,,Branch,BR006,1956
CTR00529,CUST0009,Investment Product,Active,2026-05-25,2026-05-29,,Branch,BR003,80852
CTR00530,CUST0053,Term Deposit,Active,2026-06-20,2026-06-22,,Digital,BR002,6237
CTR00531,CUST0005,Current Account,Active,2025-07-16,2025-07-19,,Relationship Manager,BR006,260
CTR00532,CUST0050,Business Loan,Active,2025-09-20,2025-09-21,,Digital,BR005,97037
CTR00533,CUST0092,Mortgage,Active,2025-08-02,2025-08-17,,Digital,BR004,244375
CTR00534,CUST0082,Consumer Loan,Active,2026-03-02,2026-03-13,,Relationship Manager,BR001,209207
CTR00535,CUST0079,Savings Account,Active,2025-03-14,2025-03-23,,Digital,BR005,638
CTR00536,CUST0013,Mortgage,Active,2026-06-29,2026-07-11,,Digital,BR005,50665
CTR00537,CUST0085,Current Account,Active,2025-07-03,2025-07-16,,Relationship Manager,BR005,864
CTR00538,CUST0046,Business Loan,Active,2026-03-14,2026-03-17,,Digital,BR005,44728
CTR00539,CUST0052,Term Deposit,Active,2026-03-30,2026-04-10,,Relationship Manager,BR003,41807
CTR00540,CUST0048,Investment Product,Cancelled,2026-03-17,,2026-04-13,Branch,BR005,95640
CTR00541,CUST0031,Current Account,Active,2025-09-18,2025-09-29,,Branch,BR004,3706
CTR00542,CUST0001,Consumer Loan,Pending,2025-01-17,,,Digital,BR003,136688
CTR00543,CUST0001,Savings Account,Pending,2025-08-08,,,Digital,BR006,2579
CTR00544,CUST0036,Credit Card,Active,2026-04-17,2026-04-28,,Digital,BR003,1278
CTR00545,CUST0047,Current Account,Active,2025-11-04,2025-11-06,,Branch,BR005,4673
CTR00546,CUST0028,Mortgage,Active,2026-05-10,2026-05-15,,Relationship Manager,BR006,128998
CTR00547,CUST0074,Mortgage,Active,2025-11-04,2025-11-05,,Relationship Manager,BR004,192572
CTR00548,CUST0011,Consumer Loan,Rejected,2025-12-09,,,Branch,BR004,92207
CTR00549,CUST0016,Current Account,Active,2025-01-12,2025-01-24,,Branch,BR005,443
CTR00550,CUST0006,Term Deposit,Active,2025-06-03,2025-06-13,,Relationship Manager,BR002,66350
CTR00551,CUST0020,Consumer Loan,Active,2026-02-07,2026-02-21,,Relationship Manager,BR005,198352
CTR00552,CUST0065,Mortgage,Active,2025-10-24,2025-11-05,,Digital,BR003,39800
CTR00553,CUST0011,Business Loan,Active,2025-02-20,2025-03-04,,Digital,BR004,69827
CTR00554,CUST0065,Investment Product,Cancelled,2025-05-14,,2025-06-08,Branch,BR005,18177
CTR00555,CUST0026,Business Loan,Active,2025-07-20,2025-07-27,,Digital,BR003,64521
CTR00556,CUST0100,Investment Product,Active,2025-04-02,2025-04-05,,Branch,BR004,88547
CTR00557,CUST0047,Term Deposit,Active,2025-12-19,2025-12-19,,Digital,BR003,40453
CTR00558,CUST0079,Business Loan,Active,2026-03-28,2026-03-29,,Digital,BR002,243276
CTR00559,CUST0088,Term Deposit,Active,2025-03-29,2025-04-01,,Digital,BR002,97438
CTR00560,CUST0080,Credit Card,Rejected,2025-10-22,,,Branch,BR006,112
CTR00561,CUST0015,Savings Account,Active,2025-01-24,2025-02-03,,Relationship Manager,BR005,1712
CTR00562,CUST0028,Current Account,Active,2025-09-22,2025-10-07,,Relationship Manager,BR006,1157
CTR00563,CUST0086,Consumer Loan,Active,2026-06-24,2026-06-25,,Digital,BR001,67966
CTR00564,CUST0037,Current Account,Cancelled,2025-10-05,,2025-10-07,Relationship Manager,BR001,3808
CTR00565,CUST0009,Investment Product,Active,2026-01-04,2026-01-07,,Branch,BR006,3000
CTR00566,CUST0050,Current Account,Pending,2026-06-05,,,Branch,BR004,815
CTR00567,CUST0077,Mortgage,Active,2026-05-28,2026-06-11,,Relationship Manager,BR001,147980
CTR00568,CUST0006,Current Account,Rejected,2025-11-09,,,Branch,BR004,2732
CTR00569,CUST0096,Credit Card,Active,2025-12-27,2026-01-07,,Digital,BR005,2476
CTR00570,CUST0036,Consumer Loan,Active,2026-02-01,2026-02-01,,Relationship Manager,BR003,248499
CTR00571,CUST0029,Credit Card,Active,2026-02-07,2026-02-11,,Relationship Manager,BR004,719
CTR00572,CUST0067,Current Account,Active,2025-06-06,2025-06-19,,Relationship Manager,BR003,2559
CTR00573,CUST0058,Credit Card,Active,2025-05-22,2025-05-28,,Branch,BR006,1131
CTR00574,CUST0091,Credit Card,Active,2025-05-29,2025-06-03,,Digital,BR005,2600
CTR00575,CUST0069,Mortgage,Active,2025-05-30,2025-05-30,,Branch,BR004,201654
CTR00576,CUST0053,Savings Account,Active,2025-10-08,2025-10-12,,Digital,BR002,1539
CTR00577,CUST0024,Consumer Loan,Cancelled,2025-10-01,,2025-10-21,Relationship Manager,BR002,149646
CTR00578,CUST0077,Current Account,Active,2025-01-27,2025-02-07,,Relationship Manager,BR004,651
CTR00579,CUST0018,Business Loan,Active,2026-01-18,2026-01-23,,Branch,BR004,224380
CTR00580,CUST0061,Credit Card,Active,2025-08-20,2025-08-21,,Digital,BR003,3347
CTR00581,CUST0053,Current Account,Active,2025-07-27,2025-08-02,,Digital,BR004,541
CTR00582,CUST0079,Business Loan,Active,2026-04-14,2026-04-21,,Branch,BR001,113081
CTR00583,CUST0078,Investment Product,Active,2026-02-08,2026-02-09,,Digital,BR004,68742
CTR00584,CUST0059,Consumer Loan,Rejected,2025-09-09,,,Relationship Manager,BR004,136974
CTR00585,CUST0095,Consumer Loan,Active,2026-06-13,2026-06-14,,Branch,BR004,50768
CTR00586,CUST0051,Savings Account,Cancelled,2025-10-20,,2025-11-04,Branch,BR003,1363
CTR00587,CUST0079,Consumer Loan,Active,2025-05-26,2025-06-09,,Relationship Manager,BR004,218551
CTR00588,CUST0012,Mortgage,Active,2025-05-19,2025-05-31,,Branch,BR004,109412
CTR00589,CUST0004,Credit Card,Active,2025-07-26,2025-08-09,,Branch,BR003,738
CTR00590,CUST0089,Credit Card,Active,2025-05-07,2025-05-09,,Relationship Manager,BR004,935
CTR00591,CUST0082,Term Deposit,Active,2026-01-29,2026-02-03,,Relationship Manager,BR004,50134
CTR00592,CUST0006,Credit Card,Rejected,2025-06-03,,,Digital,BR002,1328
CTR00593,CUST0099,Consumer Loan,Active,2025-11-13,2025-11-27,,Relationship Manager,BR002,76702
CTR00594,CUST0016,Credit Card,Pending,2025-01-04,,,Digital,BR004,2073
CTR00595,CUST0064,Business Loan,Active,2025-01-06,2025-01-21,,Digital,BR005,63358
CTR00596,CUST0085,Business Loan,Active,2026-03-29,2026-03-31,,Relationship Manager,BR001,158605
CTR00597,CUST0032,Savings Account,Active,2025-08-01,2025-08-02,,Digital,BR001,1514
CTR00598,CUST0084,Term Deposit,Active,2025-02-03,2025-02-12,,Digital,BR001,43899
CTR00599,CUST0014,Investment Product,Pending,2025-06-15,,,Branch,BR005,88592
CTR00600,CUST0085,Credit Card,Pending,2026-01-04,,,Digital,BR003,293
CTR00601,CUST0042,Term Deposit,Rejected,2025-03-11,,,Branch,BR005,99910
CTR00602,CUST0009,Savings Account,Active,2025-05-05,2025-05-13,,Relationship Manager,BR004,2696
CTR00603,CUST0068,Current Account,Active,2025-03-01,2025-03-04,,Relationship Manager,BR006,4680
CTR00604,CUST0068,Mortgage,Active,2025-10-22,2025-11-04,,Branch,BR003,160604
CTR00605,CUST0068,Term Deposit,Rejected,2026-05-24,,,Relationship Manager,BR006,68618
CTR00606,CUST0064,Business Loan,Cancelled,2025-08-27,,2025-09-19,Digital,BR001,77149
CTR00607,CUST0016,Consumer Loan,Active,2025-05-01,2025-05-07,,Relationship Manager,BR004,210600
CTR00608,CUST0053,Consumer Loan,Active,2025-08-06,2025-08-06,,Digital,BR006,168934
CTR00609,CUST0037,Savings Account,Cancelled,2025-11-12,,2025-11-22,Relationship Manager,BR003,4150
CTR00610,CUST0099,Consumer Loan,Active,2025-12-08,2025-12-18,,Relationship Manager,BR005,104821
CTR00611,CUST0079,Consumer Loan,Cancelled,2025-07-18,,2025-07-29,Branch,BR006,219582
CTR00612,CUST0062,Crypto Account,Cancelled,2025-05-20,,2025-06-05,Relationship Manager,BR004,41733
CTR00613,CUST0069,Term Deposit,Active,2026-02-28,2026-03-01,,Branch,BR005,68798
CTR00614,CUST0093,Term Deposit,Active,2025-01-20,2025-01-26,,Relationship Manager,BR003,76180
CTR00615,CUST0046,Mortgage,Pending,2025-10-15,,,Digital,BR003,221394
CTR00616,CUST0049,Credit Card,Active,2026-02-03,2026-02-08,,Digital,BR003,4875
CTR00617,CUST0091,Term Deposit,Active,2025-10-06,2025-10-19,,Branch,BR002,11876
CTR00618,CUST0048,Business Loan,Cancelled,2025-11-06,,2025-11-13,Branch,BR002,138651
CTR00619,CUST0015,Term Deposit,Cancelled,2025-07-26,,2025-08-25,Branch,BR005,12637
CTR00620,CUST0004,Business Loan,Rejected,2025-06-07,,,Branch,BR004,50862
CTR00621,CUST0094,Savings Account,Cancelled,2025-05-27,,2025-06-21,Relationship Manager,BR006,804
CTR00622,CUST0017,Current Account,Active,2026-04-16,2026-04-28,,Digital,BR001,4279
CTR00623,CUST0040,Consumer Loan,Active,2025-03-31,2025-04-10,,Digital,BR001,123388
CTR00624,CUST0067,Savings Account,Active,2025-11-16,2025-11-22,,Digital,BR002,2628
CTR00625,CUST0037,Savings Account,Active,2026-03-28,2026-03-31,,Digital,BR002,2233
CTR00626,CUST0036,Mortgage,Active,2026-06-11,2026-06-14,,Relationship Manager,BR003,55153
CTR00627,CUST0071,Term Deposit,Active,2025-10-18,2025-10-25,,Digital,BR003,22949
CTR00628,CUST0079,Term Deposit,Active,2025-02-21,2025-02-25,,Branch,BR006,4300
CTR00629,CUST0007,Mortgage,Active,2025-03-30,2025-04-12,,Digital,BR006,103738
CTR00630,CUST0077,Business Loan,Active,2025-11-16,2025-11-26,,Digital,BR006,215287
CTR00631,CUST0098,Mortgage,Pending,2026-04-22,,,Digital,BR001,149842
CTR00632,CUST0090,Business Loan,Active,2025-11-14,2025-11-28,,Digital,BR002,124350
CTR00633,CUST0019,Savings Account,Rejected,2026-02-06,,,Relationship Manager,BR006,1502
CTR00634,CUST0043,Term Deposit,Active,2025-01-31,2025-02-02,,Digital,BR003,62803
CTR00635,CUST0062,Business Loan,Cancelled,2025-10-17,,2025-11-11,Relationship Manager,BR005,92387
CTR00636,CUST0017,Mortgage,Active,2025-04-20,2025-04-30,,Relationship Manager,BR001,146791
CTR00637,CUST0039,Business Loan,Active,2026-02-28,2026-03-07,,Digital,BR005,163758
CTR00638,CUST0021,Business Loan,Active,2025-12-15,2025-12-21,,Relationship Manager,BR005,214363
CTR00639,CUST0056,Investment Product,Active,2025-12-17,2025-12-24,,Relationship Manager,BR006,23186
CTR00640,CUST0010,Business Loan,Active,2026-04-20,2026-04-30,,Digital,BR004,146512
CTR00641,CUST0023,Savings Account,Pending,2025-03-13,,,Digital,BR006,4900
CTR00642,CUST0077,Investment Product,Active,2025-03-04,2025-03-06,,Digital,BR005,29022
CTR00643,CUST0097,Consumer Loan,Active,2025-06-02,2025-06-16,,Branch,BR004,140265
CTR00644,CUST0079,Business Loan,Active,2025-11-21,2025-11-30,,Relationship Manager,BR003,150494
CTR00645,CUST0056,Term Deposit,Pending,2025-01-09,,,Relationship Manager,BR004,80649
CTR00646,CUST0017,Savings Account,Active,2025-02-24,2025-02-24,,Branch,BR001,4587
CTR00647,CUST0037,Consumer Loan,Active,2026-02-08,2026-02-18,,Branch,BR004,187587
CTR00648,CUST0049,Investment Product,Active,2025-06-27,2025-07-12,,Digital,BR005,18728
CTR00649,CUST0050,Term Deposit,Cancelled,2025-06-07,,2025-06-17,Digital,BR002,88326
CTR00650,CUST0002,Mortgage,Active,2025-05-28,2025-06-12,,Branch,BR002,173471
CTR00651,CUST0011,Credit Card,Active,2026-03-02,2026-03-16,,Branch,BR005,4951
CTR00652,CUST0024,Business Loan,Active,2026-04-06,2026-04-18,,Digital,BR002,94141
CTR00653,CUST0055,Consumer Loan,Active,2025-08-31,2025-09-08,,Relationship Manager,BR005,108698
CTR00654,CUST0047,Consumer Loan,Pending,2026-05-10,,,Branch,BR001,185780
CTR00655,CUST0075,Business Loan,Pending,2025-03-23,,,Relationship Manager,BR006,38247
CTR00656,CUST0068,Savings Account,Active,2025-03-22,2025-03-24,,Branch,BR006,2008
CTR00657,CUST0095,Mortgage,Active,2025-11-16,2025-11-17,,Branch,BR005,237869
CTR00658,CUST0100,Consumer Loan,Active,2026-06-09,2026-06-24,,Relationship Manager,BR003,151461
CTR00659,CUST0054,Term Deposit,Pending,2025-10-29,,,Digital,BR001,38407
CTR00660,CUST0089,Savings Account,Active,2025-09-24,2025-09-25,,Relationship Manager,BR002,3876
CTR00661,CUST0074,Consumer Loan,Active,2025-10-26,2025-10-26,,Branch,BR001,76187
CTR00662,CUST0017,Mortgage,Cancelled,2025-10-12,,2025-10-21,Relationship Manager,BR003,35744
CTR00663,CUST0036,Savings Account,Active,2025-04-25,2025-04-30,,Relationship Manager,BR002,4847
CTR00664,CUST0085,Business Loan,Active,2025-06-29,2025-07-07,,Relationship Manager,BR002,206134
CTR00665,CUST0063,Credit Card,Cancelled,2025-02-03,,2025-02-14,Digital,BR005,691
CTR00666,CUST0020,Business Loan,Active,2026-02-27,2026-03-11,,Relationship Manager,BR004,63376
CTR00667,CUST0093,Credit Card,Active,2025-12-20,2025-12-21,,Digital,BR001,2165
CTR00668,CUST0022,Business Loan,Active,2025-11-05,2025-11-20,,Relationship Manager,BR002,196598
CTR00669,CUST0049,Investment Product,Active,2025-05-29,2025-06-11,,Branch,BR004,2054
CTR00670,CUST0049,Term Deposit,Pending,2025-02-12,,,Relationship Manager,BR006,13261
CTR00671,CUST0046,Investment Product,Active,2025-10-07,2025-10-17,,Branch,BR001,35932
CTR00672,CUST0033,Investment Product,Active,2025-09-05,2025-09-11,,Branch,BR006,68651
CTR00673,CUST0089,Credit Card,Active,2025-01-11,2025-01-11,,Digital,BR004,556
CTR00674,CUST0013,Mortgage,Active,2025-12-26,2026-01-02,,Branch,BR003,191120
CTR00675,CUST0025,Consumer Loan,Active,2025-04-05,2025-04-06,,Relationship Manager,BR006,247023
CTR00676,CUST0028,Mortgage,Active,2025-05-03,2025-05-05,,Relationship Manager,BR002,225510
CTR00677,CUST0049,Credit Card,Rejected,2025-07-08,,,Branch,BR004,2075
CTR00678,CUST0085,Mortgage,Active,2025-10-11,2025-10-24,,Relationship Manager,BR003,182461
CTR00679,CUST0033,Credit Card,Cancelled,2025-10-11,,2025-11-05,Branch,BR004,511
CTR00680,CUST0043,Consumer Loan,Active,2025-09-29,2025-10-04,,Digital,BR004,116494
CTR00681,CUST0026,Investment Product,Active,2026-05-19,2026-05-22,,Relationship Manager,BR004,19357
CTR00682,CUST0028,Mortgage,Rejected,2025-09-23,,,Digital,BR001,28076
CTR00683,CUST0010,Savings Account,Cancelled,2025-01-20,,2025-02-18,Digital,BR006,4077
CTR00684,CUST0082,Consumer Loan,Pending,2026-02-04,,,Digital,BR006,70844
CTR00685,CUST0043,Investment Product,Active,2026-06-12,2026-06-27,,Branch,BR004,63170
CTR00686,CUST0094,Mortgage,Active,2025-01-04,2025-01-16,,Branch,BR001,181685
CTR00687,CUST0073,Term Deposit,Active,2025-11-07,2025-11-19,,Relationship Manager,BR006,7734
CTR00688,CUST0012,Term Deposit,Active,2025-12-15,2025-12-17,,Branch,BR006,60745
CTR00689,CUST0026,Credit Card,Active,2026-01-29,2026-02-04,,Relationship Manager,BR004,2448
CTR00690,CUST0014,Term Deposit,Active,2026-03-25,2026-03-31,,Digital,BR002,18842
CTR00691,CUST0004,Current Account,Active,2025-03-06,2025-03-15,,Relationship Manager,BR004,4093
CTR00692,CUST0003,Consumer Loan,Active,2025-12-12,2025-12-13,,Digital,BR002,107301
CTR00693,CUST0084,Business Loan,Pending,2025-06-02,,,Relationship Manager,BR002,195262
CTR00694,CUST0010,Consumer Loan,Active,2026-05-16,2026-05-16,,Relationship Manager,BR001,124527
CTR00695,CUST0032,Credit Card,Active,2025-02-21,2025-03-02,,Branch,BR005,797
CTR00696,CUST0022,Mortgage,Cancelled,2025-04-19,,2025-04-23,Relationship Manager,BR005,131323
CTR00697,CUST0029,Mortgage,Cancelled,2026-03-13,,2026-03-24,Relationship Manager,BR006,213735
CTR00698,CUST0052,Term Deposit,Active,2025-05-21,2025-05-31,,Digital,BR005,28448
CTR00699,CUST0023,Term Deposit,Active,2025-10-08,2025-10-12,,Branch,BR002,99793
CTR00700,CUST0090,Term Deposit,Active,2026-03-26,2026-04-02,,Digital,BR002,76782
CTR00701,CUST0013,Investment Product,Cancelled,2025-01-17,,2025-02-15,Digital,BR001,64327
CTR00702,CUST0001,Credit Card,Rejected,2025-10-18,,,Relationship Manager,BR004,3409
CTR00703,CUST0089,Credit Card,Active,2025-10-05,2025-10-19,,Digital,BR002,3375
CTR00704,CUST0079,Consumer Loan,Active,2026-05-27,2026-05-29,,Branch,BR003,165414
CTR00705,CUST0054,Consumer Loan,Active,2025-07-16,2025-07-19,,Digital,BR005,139988
CTR00706,CUST0047,Current Account,Active,2025-08-02,2025-08-10,,Digital,BR001,434
CTR00707,CUST0020,Business Loan,Active,2025-06-13,2025-06-14,,Relationship Manager,BR003,15163
CTR00708,CUST0037,Current Account,Active,2025-12-09,2025-12-23,,Digital,BR006,354
CTR00709,CUST0007,Credit Card,Active,2025-01-30,2025-02-14,,Digital,BR001,4218
CTR00710,CUST0031,Business Loan,Active,2025-11-30,2025-12-13,,Relationship Manager,BR006,53101
CTR00711,CUST0042,Current Account,Cancelled,2025-11-30,,2025-12-08,Digital,BR006,803
CTR00712,CUST0053,Current Account,Active,2025-08-14,2025-08-16,,Relationship Manager,BR004,3858
CTR00713,CUST0007,Investment Product,Active,2026-04-11,2026-04-16,,Branch,BR002,51268
CTR00714,CUST0059,Current Account,Active,2025-10-04,2025-10-10,,Digital,BR001,2751
CTR00715,CUST0089,Consumer Loan,Active,2025-04-24,2025-05-08,,Branch,BR002,121213
CTR00716,CUST0098,Term Deposit,Active,2025-10-30,2025-11-04,,Relationship Manager,BR002,84123
CTR00717,CUST0074,Current Account,Active,2026-06-19,2026-07-04,,Relationship Manager,BR004,1773
CTR00718,CUST0060,Savings Account,Active,2026-03-15,2026-03-22,,Branch,BR004,2030
CTR00719,CUST0075,Current Account,Rejected,2025-06-02,,,Digital,BR004,4699
CTR00720,CUST0006,Consumer Loan,Pending,2026-06-01,,,Branch,BR005,9813
CTR00721,CUST0051,Business Loan,Cancelled,2025-04-11,,2025-04-26,Digital,BR001,130836
CTR00722,CUST0072,Consumer Loan,Active,2026-02-21,2026-02-27,,Branch,BR003,35789
CTR00723,CUST0031,Mortgage,Active,2025-11-09,2025-11-14,,Branch,BR005,185367
CTR00724,CUST0096,Consumer Loan,Pending,2026-04-20,,,Digital,BR006,203331
CTR00725,CUST0052,Credit Card,Cancelled,2026-01-15,,2026-02-05,Relationship Manager,BR006,3803
CTR00726,CUST0001,Mortgage,Active,2025-12-07,2025-12-08,,Branch,BR003,78749
CTR00727,CUST0090,Current Account,Cancelled,2025-03-24,,2025-04-13,Relationship Manager,BR001,2750
CTR00728,CUST0066,Term Deposit,Rejected,2025-04-24,,,Branch,BR004,50694
CTR00729,CUST0080,Consumer Loan,Active,2025-06-29,2025-07-01,,Relationship Manager,BR002,147999
CTR00730,CUST0018,Term Deposit,Active,2025-04-27,2025-05-12,,Relationship Manager,BR006,97149
CTR00731,CUST0027,Current Account,Active,2025-10-01,2025-10-14,,Digital,BR001,2270
CTR00732,CUST0048,Term Deposit,Active,2026-05-29,2026-06-01,,Relationship Manager,BR005,62125
CTR00733,CUST0087,Savings Account,Active,2026-01-12,2026-01-14,,Branch,BR001,1542
CTR00734,CUST0011,Investment Product,Rejected,2025-10-23,,,Digital,BR002,10585
CTR00735,CUST0036,Mortgage,Active,2026-05-24,2026-05-28,,Digital,BR005,230374
CTR00736,CUST0081,Consumer Loan,Active,2025-05-16,2025-05-31,,Branch,BR004,91885
CTR00737,CUST0095,Consumer Loan,Active,2025-03-06,2025-03-06,,Digital,BR005,229535
CTR00738,CUST0083,Term Deposit,Active,2025-12-18,2025-12-28,,Relationship Manager,BR006,64220
CTR00739,CUST0090,Business Loan,Active,2025-05-16,2025-05-25,,Branch,BR002,46019
CTR00740,CUST0062,Term Deposit,Pending,2025-02-18,,,Branch,BR003,19943
CTR00741,CUST0059,Credit Card,Active,2025-06-14,2025-06-23,,Digital,BR006,1493
CTR00742,CUST0089,Credit Card,Active,2025-04-30,2025-05-01,,Relationship Manager,BR002,2593
CTR00743,CUST0057,Savings Account,Active,2025-07-30,2025-07-31,,Branch,BR002,2596
CTR00744,CUST0048,Business Loan,Active,2025-06-16,2025-06-25,,Digital,BR004,32847
CTR00745,CUST0064,Unknown Product,Pending,2025-11-24,,,Digital,BR006,1278
CTR00746,CUST0070,Term Deposit,Active,2025-10-30,2025-11-14,,Relationship Manager,BR006,38488
CTR00747,CUST0019,Business Loan,Active,2025-04-26,2025-05-11,,Digital,BR002,236975
CTR00748,CUST0087,Mortgage,Active,2026-02-16,2026-02-23,,Branch,BR001,117909
CTR00749,CUST0042,Consumer Loan,Active,2025-07-19,2025-07-26,,Branch,BR002,205808
CTR00750,CUST0003,Mortgage,Active,2026-04-02,2026-04-04,,Branch,BR002,135162
CTR00751,CUST0063,Term Deposit,Active,2026-06-08,2026-06-09,,Branch,BR004,87894
CTR00752,CUST0019,Investment Product,Active,2026-01-17,2026-01-17,,Branch,BR003,37809
CTR00753,CUST0040,Business Loan,Rejected,2025-03-31,,,Relationship Manager,BR004,57543
CTR00754,CUST0095,Investment Product,Cancelled,2025-10-23,,2025-10-29,Branch,BR006,95920
CTR00755,CUST0054,Credit Card,Cancelled,2025-03-30,,2025-04-04,Branch,BR004,1702
CTR00756,CUST0068,Term Deposit,Active,2026-01-20,2026-01-22,,Branch,BR006,1367
CTR00757,CUST0035,Investment Product,Active,2026-04-19,2026-04-23,,Digital,BR004,26617
CTR00758,CUST0038,Business Loan,Active,2025-11-06,2025-11-15,,Relationship Manager,BR006,130525
CTR00759,CUST0060,Current Account,Active,2025-01-03,2025-01-07,,Branch,BR006,2151
CTR00760,CUST0082,Business Loan,Active,2025-10-22,2025-11-04,,Branch,BR006,48021
CTR00761,CUST0083,Current Account,Active,2025-10-11,2025-10-26,,Relationship Manager,BR006,546
CTR00762,CUST0047,Business Loan,Active,2025-09-22,2025-10-07,,Digital,BR003,182992
CTR00763,CUST0066,Consumer Loan,Cancelled,2025-06-16,,2025-07-05,Digital,BR003,16338
CTR00764,CUST0060,Credit Card,Active,2025-02-24,2025-03-04,,Branch,BR006,2958
CTR00765,CUST0046,Consumer Loan,Active,2026-06-27,2026-06-29,,Digital,BR006,135707
CTR00766,CUST0024,Mortgage,Active,2025-06-21,2025-07-01,,Branch,BR006,229705
CTR00767,CUST0039,Savings Account,Active,2026-01-07,2026-01-10,,Relationship Manager,BR003,4377
CTR00768,CUST0019,Consumer Loan,Active,2025-10-16,2025-10-27,,Branch,BR004,205159
CTR00769,CUST0044,Credit Card,Active,2025-06-08,2025-06-15,,Relationship Manager,BR005,1543
CTR00770,CUST0089,Mortgage,Active,2025-03-20,2025-03-23,,Digital,BR001,215655
CTR00771,CUST0062,Term Deposit,Active,2026-01-07,2026-01-11,,Relationship Manager,BR005,58425
CTR00772,CUST0098,Term Deposit,Active,2025-11-08,2025-11-08,,Digital,BR002,98077
CTR00773,CUST0017,Credit Card,Active,2025-11-11,2025-11-15,,Digital,BR001,1719
CTR00774,CUST0055,Mortgage,Active,2026-05-11,2026-05-24,,Digital,BR001,12145
CTR00775,CUST0005,Consumer Loan,Active,2025-09-17,2025-09-18,,Branch,BR006,18366
CTR00776,CUST0002,Mortgage,Cancelled,2025-07-30,,2025-08-18,Digital,BR002,237237
CTR00777,CUST0086,Term Deposit,Active,2025-05-30,2025-06-07,,Branch,BR003,76489
CTR00778,CUST0021,Current Account,Active,2025-03-11,2025-03-14,,Digital,BR005,4736
CTR00779,CUST0028,Current Account,Pending,2025-06-25,,,Digital,BR006,4400
CTR00780,CUST0013,Current Account,Rejected,2026-05-02,,,Relationship Manager,BR005,3002
CTR00781,CUST0024,Business Loan,Active,2025-04-20,2025-04-25,,Branch,BR004,219822
CTR00782,CUST0055,Current Account,Active,2026-02-22,2026-02-25,,Digital,BR004,2574
CTR00783,CUST0015,Credit Card,Active,2026-01-05,2026-01-14,,Relationship Manager,BR001,4564
CTR00784,CUST0011,Term Deposit,Active,2026-01-30,2026-02-08,,Relationship Manager,BR006,60392
CTR00785,CUST0040,Business Loan,Active,2026-02-22,2026-03-03,,Branch,BR002,225228
CTR00786,CUST0009,Business Loan,Pending,2026-01-12,,,Digital,BR006,48001
CTR00787,CUST0063,Mortgage,Active,2026-06-20,2026-06-22,,Digital,BR004,32252
CTR00788,CUST0052,Mortgage,Active,2025-06-22,2025-06-24,,Digital,BR003,96344
CTR00789,CUST0026,Investment Product,Active,2026-03-11,2026-03-26,,Relationship Manager,BR005,37005
CTR00790,CUST0076,Savings Account,Active,2026-02-14,2026-02-25,,Relationship Manager,BR005,3897
CTR00791,CUST0052,Business Loan,Active,2025-05-31,2025-06-14,,Digital,BR003,29321
CTR00792,CUST0063,Business Loan,Active,2025-05-18,2025-05-18,,Relationship Manager,BR001,27110
CTR00793,CUST0009,Business Loan,Active,2025-07-03,2025-07-15,,Relationship Manager,BR003,159488
CTR00794,CUST0020,Savings Account,Active,2025-04-09,2025-04-11,,Branch,BR004,4259
CTR00795,CUST0026,Savings Account,Active,2026-05-18,2026-05-26,,Branch,BR005,4443
CTR00796,CUST0070,Consumer Loan,Pending,2025-02-02,,,Digital,BR004,113828
CTR00797,CUST0058,Term Deposit,Cancelled,2026-03-30,,2026-04-14,Digital,BR002,5216
CTR00798,CUST0072,Savings Account,Rejected,2025-06-18,,,Branch,BR002,4026
CTR00799,CUST0040,Investment Product,Active,2025-04-23,2025-05-08,,Relationship Manager,BR006,87017
CTR00800,CUST0070,Business Loan,Active,2025-06-10,2025-06-11,,Branch,BR004,103599
CTR00801,CUST0076,Investment Product,Active,2025-12-28,2026-01-06,,Digital,BR001,42506
CTR00802,CUST0076,Consumer Loan,Active,2026-01-11,2026-01-22,,Relationship Manager,BR005,213219
CTR00803,CUST0004,Term Deposit,Active,2026-03-15,2026-03-26,,Branch,BR003,47340
CTR00804,CUST0008,Current Account,Active,2025-11-16,2025-11-18,,Branch,BR001,536
CTR00805,CUST0044,Credit Card,Active,2025-11-30,2025-12-01,,Relationship Manager,BR004,3775
CTR00806,CUST0073,Investment Product,Active,2026-04-26,2026-04-26,,Branch,BR005,41986
CTR00807,CUST0050,Term Deposit,Active,2026-05-16,2026-05-19,,Relationship Manager,BR002,91052
CTR00808,CUST0044,Business Loan,Active,2025-12-14,2025-12-19,,Branch,BR003,162173
CTR00809,CUST0056,Current Account,Active,2025-03-19,2025-03-25,,Branch,BR001,2354
CTR00810,CUST0039,Investment Product,Cancelled,2025-04-05,,2025-04-28,Digital,BR005,76284
CTR00811,CUST0044,Savings Account,Active,2026-06-28,2026-07-13,,Digital,BR003,3498
CTR00812,CUST0010,Savings Account,Active,2025-11-04,2025-11-17,,Branch,BR002,4423
CTR00813,CUST0054,Investment Product,Active,2026-06-12,2026-06-26,,Relationship Manager,BR002,88522
CTR00814,CUST0003,Credit Card,Active,2025-08-07,2025-08-21,,Relationship Manager,BR005,2194
CTR00815,CUST0079,Investment Product,Pending,2025-03-03,,,Digital,BR003,68954
CTR00816,CUST0060,Credit Card,Active,2025-11-04,2025-11-17,,Branch,BR001,3360
CTR00817,CUST0082,Current Account,Cancelled,2025-10-01,,2025-10-28,Relationship Manager,BR002,2351
CTR00818,CUST0033,Current Account,Active,2025-04-27,2025-05-01,,Digital,BR002,1572
CTR00819,CUST0040,Business Loan,Active,2026-03-23,2026-04-05,,Digital,BR002,170586
CTR00820,CUST0021,Savings Account,Active,2025-09-22,2025-09-30,,Digital,BR006,4511
CTR00821,CUST0006,Business Loan,Cancelled,2025-02-26,,2025-03-26,Digital,BR003,236013
CTR00822,CUST0078,Savings Account,Rejected,2026-02-21,,,Relationship Manager,BR006,2977
CTR00823,CUST0012,Investment Product,Pending,2025-05-24,,,Digital,BR005,31438
CTR00824,CUST0095,Mortgage,Active,2026-06-22,2026-06-30,,Digital,BR002,131141
CTR00825,CUST0077,Mortgage,Cancelled,2025-11-17,,2025-11-28,Relationship Manager,BR006,219191
CTR00826,CUST0050,Current Account,Pending,2025-08-12,,,Digital,BR002,1181
CTR00827,CUST0028,Savings Account,Active,2025-09-18,2025-09-19,,Relationship Manager,BR003,4017
CTR00828,CUST0090,Mortgage,Active,2026-03-10,2026-03-25,,Digital,BR003,179975
CTR00829,CUST0019,Term Deposit,Active,2026-01-12,2026-01-21,,Relationship Manager,BR005,3262
CTR00830,CUST0005,Consumer Loan,Active,2025-09-03,2025-09-11,,Branch,BR003,145894
CTR00831,CUST0082,Term Deposit,Rejected,2025-05-05,,,Digital,BR004,70611
CTR00832,CUST0050,Consumer Loan,Rejected,2026-02-07,,,Branch,BR003,244140
CTR00833,CUST0012,Current Account,Active,2025-06-14,2025-06-28,,Relationship Manager,BR004,2598
CTR00834,CUST0005,Savings Account,Rejected,2026-05-19,,,Relationship Manager,BR004,3859
CTR00835,CUST0043,Investment Product,Rejected,2025-04-13,,,Relationship Manager,BR003,21516
CTR00836,CUST0065,Mortgage,Active,2025-12-01,2025-12-15,,Digital,BR001,183245
CTR00837,CUST0083,Credit Card,Active,2025-05-20,2025-05-20,,Digital,BR006,3282
CTR00838,CUST0040,Term Deposit,Active,2025-04-24,2025-04-29,,Relationship Manager,BR006,33216
CTR00839,CUST0099,Credit Card,Cancelled,2026-02-25,,2026-03-23,Branch,BR004,2616
CTR00840,CUST0095,Credit Card,Active,2025-12-02,2025-12-11,,Digital,BR004,1627
CTR00841,CUST0048,Credit Card,Active,2026-01-22,2026-01-29,,Digital,BR005,169
CTR00842,CUST0083,Current Account,Rejected,2026-04-19,,,Branch,BR006,1624
CTR00843,CUST0022,Consumer Loan,Active,2026-03-16,2026-03-24,,Digital,BR003,40125
CTR00844,CUST0022,Mortgage,Active,2026-06-23,2026-07-06,,Branch,BR006,203731
CTR00845,CUST0064,Mortgage,Active,2025-07-28,2025-08-03,,Branch,BR003,249001
CTR00846,CUST0096,Business Loan,Active,2026-03-18,2026-03-24,,Digital,BR003,158308
CTR00847,CUST0094,Current Account,Active,2026-02-23,2026-02-27,,Branch,BR003,235
CTR00848,CUST0031,Business Loan,Rejected,2026-01-14,,,Relationship Manager,BR006,153804
CTR00849,CUST0059,Mortgage,Active,2025-05-17,2025-05-27,,Branch,BR006,182671
CTR00850,CUST0028,Investment Product,Active,2025-09-20,2025-09-22,,Relationship Manager,BR001,12988
CTR00851,CUST0007,Term Deposit,Pending,2026-04-28,,,Relationship Manager,BR006,46939
CTR00852,CUST0077,Consumer Loan,Active,2026-06-01,2026-06-13,,Branch,BR006,80300
CTR00853,CUST0048,Credit Card,Pending,2025-02-12,,,Digital,BR003,4755
CTR00854,CUST0022,Business Loan,Pending,2026-04-25,,,Digital,BR003,35581
CTR00855,CUST0091,Investment Product,Active,2025-04-30,2025-05-10,,Digital,BR004,6288
CTR00856,CUST0036,Term Deposit,Rejected,2025-10-17,,,Relationship Manager,BR003,35000
CTR00857,CUST0067,Term Deposit,Active,2025-06-18,2025-06-28,,Branch,BR002,97082
CTR00858,CUST0072,Business Loan,Active,2025-06-02,2025-06-03,,Digital,BR001,61256
CTR00859,CUST0061,Savings Account,Active,2026-04-24,2026-05-07,,Branch,BR001,950
CTR00860,CUST0057,Term Deposit,Pending,2026-05-12,,,Branch,BR001,60499
CTR00861,CUST0093,Credit Card,Active,2025-04-06,2025-04-12,,Digital,BR002,2327
CTR00862,CUST0096,Savings Account,Active,2025-08-06,2025-08-06,,Relationship Manager,BR002,4309
CTR00863,CUST0054,Mortgage,Active,2026-05-26,2026-05-29,,Branch,BR001,233618
CTR00864,CUST0037,Mortgage,Active,2025-04-19,2025-04-29,,Digital,BR001,41311
CTR00865,CUST0059,Business Loan,Active,2025-10-03,2025-10-03,,Digital,BR006,87357
CTR00866,CUST0080,Business Loan,Active,2025-05-13,2025-05-19,,Digital,BR006,227303
CTR00867,CUST0037,Term Deposit,Cancelled,2025-03-14,,2025-04-01,Branch,BR001,79443
CTR00868,CUST0052,Savings Account,Active,2026-02-13,2026-02-15,,Digital,BR002,168
CTR00869,CUST0050,Investment Product,Active,2025-06-07,2025-06-10,,Branch,BR004,39631
CTR00870,CUST0095,Savings Account,Rejected,2025-05-15,,,Relationship Manager,BR001,2941
CTR00871,CUST0048,Current Account,Active,2026-02-02,2026-02-17,,Relationship Manager,BR005,2199
CTR00872,CUST0055,Mortgage,Active,2026-01-13,2026-01-18,,Relationship Manager,BR004,114798
CTR00873,CUST0012,Consumer Loan,Active,2026-04-20,2026-04-27,,Relationship Manager,BR006,170767
CTR00874,CUST0020,Business Loan,Active,2026-06-22,2026-06-24,,Branch,BR004,77206
CTR00875,CUST0011,Business Loan,Active,2025-05-11,2025-05-20,,Digital,BR005,221604
CTR00876,CUST0055,Savings Account,Active,2025-03-20,2025-03-21,,Digital,BR005,4205
CTR00877,CUST0055,Investment Product,Active,2025-09-17,2025-09-28,,Relationship Manager,BR001,33905
CTR00878,CUST0099,Consumer Loan,Active,2026-04-19,2026-04-24,,Digital,BR004,207091
CTR00879,CUST0006,Mortgage,Active,2025-11-01,2025-11-11,,Relationship Manager,BR004,154933
CTR00880,CUST0097,Business Loan,Active,2025-09-29,2025-10-09,,Digital,BR002,241677
CTR00881,CUST0024,Mortgage,Active,2025-09-23,2025-09-26,,Relationship Manager,BR001,114717
CTR00882,CUST0001,Investment Product,Active,2025-06-25,2025-07-10,,Relationship Manager,BR004,60814
CTR00883,CUST0085,Business Loan,Active,2026-01-05,2026-01-17,,Branch,BR001,211931
CTR00884,CUST0017,Credit Card,Active,2025-04-25,2025-04-25,,Digital,BR002,1541
CTR00885,CUST0062,Credit Card,Active,2026-03-23,2026-03-29,,Branch,BR004,705
CTR00886,CUST0019,Business Loan,Active,2025-04-30,2025-05-05,,Digital,BR006,237562
CTR00887,CUST0090,Business Loan,Pending,2026-04-28,,,Branch,BR005,6145
CTR00888,CUST0032,Current Account,Active,2026-02-06,2026-02-07,,Digital,BR001,2734
CTR00889,CUST0081,Investment Product,Pending,2026-05-23,,,Relationship Manager,BR005,97110
CTR00890,CUST0094,Savings Account,Active,2026-02-14,2026-03-01,,Relationship Manager,BR006,4205
CTR00891,CUST0079,Business Loan,Active,2025-03-04,2025-03-04,,Relationship Manager,BR003,111625
CTR00892,CUST0071,Mortgage,Active,2026-03-04,2026-03-19,,Branch,BR005,31655
CTR00893,CUST0083,Term Deposit,Active,2026-03-23,2026-03-23,,Branch,BR006,21646
CTR00894,CUST0025,Business Loan,Active,2025-08-26,2025-09-02,,Relationship Manager,BR003,155051
CTR00895,CUST0078,Business Loan,Active,2025-10-28,2025-11-09,,Relationship Manager,BR006,110277
CTR00896,CUST0095,Term Deposit,Cancelled,2025-06-15,,2025-07-05,Branch,BR006,27659
CTR00897,CUST0096,Mortgage,Active,2025-05-13,2025-05-18,,Digital,BR005,53293
CTR00898,CUST0063,Mortgage,Cancelled,2026-05-21,,2026-05-31,Digital,BR005,62530
CTR00899,CUST0007,Consumer Loan,Active,2025-09-25,2025-10-06,,Digital,BR002,178452
CTR00900,CUST0065,Consumer Loan,Cancelled,2025-12-12,,2025-12-26,Relationship Manager,BR002,30876
CTR00901,CUST0016,Current Account,Active,2025-12-15,2025-12-26,,Relationship Manager,BR003,382
CTR00902,CUST0020,Mortgage,Active,2026-03-25,2026-04-08,,Digital,BR001,221619
CTR00903,CUST0079,Loan Plus,Cancelled,2025-02-12,,2025-03-01,Digital,BR006,28632
CTR00904,CUST0016,Current Account,Rejected,2025-06-10,,,Relationship Manager,BR004,2393
CTR00905,CUST0098,Business Loan,Active,2025-04-12,2025-04-16,,Branch,BR003,170631
CTR00906,CUST0018,Mortgage,Cancelled,2026-03-26,,2026-04-09,Digital,BR002,202646
CTR00907,CUST0061,Term Deposit,Active,2025-06-25,2025-06-27,,Branch,BR006,35367
CTR00908,CUST0097,Investment Product,Active,2025-09-09,2025-09-13,,Relationship Manager,BR004,99224
CTR00909,CUST0030,Credit Card,Cancelled,2026-02-28,,2026-03-30,Branch,BR005,3353
CTR00910,CUST0088,Term Deposit,Pending,2026-03-30,,,Digital,BR006,19582
CTR00911,CUST0067,Mortgage,Active,2025-11-19,2025-12-01,,Digital,BR004,203472
CTR00912,CUST0008,Investment Product,Active,2025-06-04,2025-06-05,,Relationship Manager,BR006,83286
CTR00913,CUST0067,Savings Account,Active,2025-11-08,2025-11-18,,Digital,BR003,2819
CTR00914,CUST0068,Credit Card,Active,2026-04-02,2026-04-08,,Relationship Manager,BR005,4459
CTR00915,CUST0084,Business Loan,Active,2026-02-19,2026-02-25,,Branch,BR001,231942
CTR00916,CUST0005,Term Deposit,Active,2025-05-10,2025-05-19,,Digital,BR005,28514
CTR00917,CUST0071,Savings Account,Active,2025-06-13,2025-06-13,,Relationship Manager,BR005,228
CTR00918,CUST0034,Current Account,Cancelled,2025-11-08,,2025-12-02,Relationship Manager,BR001,3463
CTR00919,CUST0094,Consumer Loan,Cancelled,2025-09-23,,2025-10-14,Branch,BR001,134037
CTR00920,CUST0007,Mortgage,Active,2025-01-06,2025-01-20,,Digital,BR006,89861
CTR00921,CUST0075,Current Account,Active,2025-10-19,2025-10-23,,Relationship Manager,BR006,3093
CTR00922,CUST0032,Mortgage,Active,2025-07-17,2025-07-28,,Digital,BR002,120094
CTR00923,CUST0092,Investment Product,Cancelled,2025-03-25,,2025-03-28,Branch,BR002,8651
CTR00924,CUST0061,Current Account,Active,2026-01-14,2026-01-26,,Relationship Manager,BR005,4818
CTR00925,CUST0100,Investment Product,Rejected,2026-05-26,,,Branch,BR004,83922
CTR00926,CUST0089,Business Loan,Active,2026-03-03,2026-03-08,,Relationship Manager,BR002,38839
CTR00927,CUST0063,Business Loan,Active,2026-06-10,2026-06-13,,Digital,BR004,183051
CTR00928,CUST0061,Consumer Loan,Active,2026-01-14,2026-01-17,,Branch,BR001,158705
CTR00929,CUST0016,Term Deposit,Active,2025-02-11,2025-02-15,,Branch,BR003,15932
CTR00930,CUST0048,Savings Account,Active,2025-01-29,2025-02-02,,Relationship Manager,BR004,1164
CTR00931,CUST0007,Savings Account,Rejected,2025-08-09,,,Relationship Manager,BR004,1499
CTR00932,CUST0001,Mortgage,Active,2025-03-11,2025-03-12,,Branch,BR005,110464
CTR00933,CUST0040,Business Loan,Rejected,2026-01-22,,,Relationship Manager,BR005,125578
CTR00934,CUST0017,Credit Card,Active,2026-04-17,2026-05-01,,Digital,BR006,3678
CTR00935,CUST0042,Mortgage,Cancelled,2026-02-24,,2026-03-09,Branch,BR003,62032
CTR00936,CUST0070,Consumer Loan,Pending,2026-03-30,,,Branch,BR006,193915
CTR00937,CUST0012,Credit Card,Active,2025-11-13,2025-11-16,,Digital,BR002,4582
CTR00938,CUST0080,Consumer Loan,Pending,2026-06-19,,,Branch,BR005,50648
CTR00939,CUST0003,Mortgage,Active,2026-06-29,2026-07-04,,Branch,BR002,5973
CTR00940,CUST0032,Business Loan,Active,2025-11-25,2025-12-07,,Digital,BR004,155374
CTR00941,CUST0003,Term Deposit,Active,2026-03-01,2026-03-01,,Branch,BR004,69693
CTR00942,CUST0033,Mortgage,Active,2025-04-12,2025-04-17,,Digital,BR002,75803
CTR00943,CUST0033,Mortgage,Active,2026-02-22,2026-02-27,,Relationship Manager,BR003,16443
CTR00944,CUST0024,Consumer Loan,Active,2025-11-02,2025-11-14,,Branch,BR002,26885
CTR00945,CUST0053,Term Deposit,Active,2025-05-04,2025-05-05,,Digital,BR005,27049
CTR00946,CUST0076,Current Account,Active,2026-06-01,2026-06-13,,Branch,BR001,942
CTR00947,CUST0041,Business Loan,Active,2025-03-09,2025-03-24,,Branch,BR006,8577
CTR00948,CUST0030,Consumer Loan,Active,2025-04-14,2025-04-21,,Relationship Manager,BR006,201010
CTR00949,CUST0017,Savings Account,Active,2026-04-02,2026-04-04,,Digital,BR002,4099
CTR00950,CUST0048,Credit Card,Cancelled,2026-03-10,,2026-04-09,Branch,BR001,4547
CTR00951,CUST0001,Business Loan,Pending,2025-10-24,,,Digital,BR001,172195
CTR00952,CUST0008,Business Loan,Active,2025-09-14,2025-09-26,,Relationship Manager,BR002,93122
CTR00953,CUST0075,Savings Account,Active,2025-03-13,2025-03-22,,Branch,BR006,734
CTR00954,CUST0016,Credit Card,Active,2025-10-14,2025-10-27,,Relationship Manager,BR005,1727
CTR00955,CUST0041,Term Deposit,Active,2026-04-09,2026-04-17,,Relationship Manager,BR003,32734
CTR00956,CUST0044,Current Account,Active,2025-12-03,2025-12-03,,Relationship Manager,BR001,1095
CTR00957,CUST0078,Business Loan,Active,2025-01-10,2025-01-15,,Relationship Manager,BR006,109308
CTR00958,CUST0091,Business Loan,Cancelled,2025-03-25,,2025-04-20,Relationship Manager,BR006,230826
CTR00959,CUST0010,Consumer Loan,Rejected,2026-04-01,,,Digital,BR003,177225
CTR00960,CUST0049,Term Deposit,Active,2025-01-09,2025-01-12,,Branch,BR002,61146
CTR00961,CUST0057,Consumer Loan,Active,2025-01-21,2025-01-29,,Relationship Manager,BR003,179403
CTR00962,CUST0025,Mortgage,Cancelled,2025-11-07,,2025-12-03,Digital,BR002,189169
CTR00963,CUST0064,Term Deposit,Active,2026-05-20,2026-05-26,,Digital,BR006,1435
CTR00964,CUST0051,Mortgage,Rejected,2026-05-28,,,Digital,BR005,130502
CTR00965,CUST0025,Credit Card,Active,2025-05-12,2025-05-14,,Branch,BR005,1043
CTR00966,CUST0030,Savings Account,Active,2025-01-24,2025-02-01,,Branch,BR001,4588
CTR00967,CUST0055,Consumer Loan,Cancelled,2025-11-27,,2025-12-11,Branch,BR003,222339
CTR00968,CUST0016,Business Loan,Active,2026-06-14,2026-06-15,,Relationship Manager,BR002,232683
CTR00969,CUST0007,Savings Account,Rejected,2026-06-30,,,Branch,BR001,3677
CTR00970,CUST0051,Current Account,Active,2025-01-26,2025-02-02,,Digital,BR002,3471
CTR00971,CUST0026,Credit Card,Active,2025-03-06,2025-03-09,,Branch,BR004,228
CTR00972,CUST0004,Term Deposit,Cancelled,2025-09-11,,2025-09-15,Digital,BR003,62572
CTR00973,CUST0007,Term Deposit,Active,2025-08-31,2025-09-02,,Relationship Manager,BR004,79138
CTR00974,CUST0098,Mortgage,Active,2025-05-08,2025-05-10,,Digital,BR004,16908
CTR00975,CUST0041,Mortgage,Cancelled,2025-03-05,,2025-04-04,Branch,BR001,211340
CTR00976,CUST0039,Investment Product,Active,2025-02-27,2025-02-28,,Branch,BR004,39155
CTR00977,CUST0013,Investment Product,Active,2025-01-11,2025-01-25,,Branch,BR004,50821
CTR00978,CUST0080,Mortgage,Active,2025-01-27,2025-02-10,,Branch,BR005,136584
CTR00979,CUST0025,Mortgage,Active,2025-03-11,2025-03-17,,Relationship Manager,BR002,238075
CTR00980,CUST0082,Savings Account,Active,2026-05-08,2026-05-22,,Digital,BR002,1523
CTR00981,CUST0006,Consumer Loan,Active,2026-03-23,2026-04-03,,Relationship Manager,BR005,82576
CTR00982,CUST0100,Credit Card,Active,2025-11-13,2025-11-23,,Branch,BR001,2384
CTR00983,CUST0067,Credit Card,Active,2026-06-04,2026-06-05,,Branch,BR002,3457
CTR00984,CUST0026,Current Account,Cancelled,2025-12-16,,2025-12-23,Relationship Manager,BR006,3897
CTR00985,CUST0060,Term Deposit,Cancelled,2025-12-10,,2025-12-30,Branch,BR003,39773
CTR00986,CUST0021,Mortgage,Active,2025-02-13,2025-02-28,,Digital,BR006,58515
CTR00987,CUST0029,Current Account,Active,2025-08-07,2025-08-14,,Relationship Manager,BR003,3938
CTR00988,CUST0095,Investment Product,Active,2025-07-08,2025-07-08,,Digital,BR001,48055
CTR00989,CUST0046,Consumer Loan,Active,2025-05-26,2025-06-04,,Digital,BR006,116450
CTR00990,CUST0075,Term Deposit,Active,2025-01-31,2025-02-06,,Branch,BR002,26429
CTR00991,CUST0029,Savings Account,Active,2025-12-14,2025-12-21,,Digital,BR001,1462
CTR00992,CUST0023,Savings Account,Rejected,2025-01-22,,,Branch,BR006,1124
CTR00993,CUST0015,Term Deposit,Pending,2025-11-09,,,Digital,BR003,60295
CTR00994,CUST0048,Credit Card,Pending,2026-03-21,,,Digital,BR002,535
CTR00995,CUST0017,Current Account,Active,2026-01-23,2026-02-03,,Relationship Manager,BR004,2604
CTR00996,CUST0082,Current Account,Rejected,2025-07-13,,,Branch,BR002,4386
CTR00997,CUST0042,Current Account,Active,2025-10-14,2025-10-18,,Relationship Manager,BR004,4163
CTR00998,CUST0027,Mortgage,Cancelled,2025-03-08,,2025-03-14,Branch,BR006,134330
CTR00999,CUST0097,Term Deposit,Active,2026-04-21,2026-04-26,,Relationship Manager,BR003,42682
CTR01000,CUST0068,Business Loan,Active,2026-05-22,2026-06-06,,Relationship Manager,BR004,71342
CTR00004,CUST0021,Term Deposit,Active,2025-11-29,,,Digital,BR002,7395
CTR00028,CUST0085,Investment Product,Active,2025-03-28,2025-04-06,,Branch,BR006,73759
CTR00055,CUST0050,Term Deposit,Pending,2026-05-24,,,Branch,BR003,91210
CTR00082,CUST0035,Business Loan,Active,2025-04-10,2025-04-11,,Branch,BR005,77077
CTR00120,CUST0060,Savings Account,Active,2026-05-30,2026-06-08,,Relationship Manager,BR003,961
CTR00158,CUST0002,Consumer Loan,Active,2025-10-09,2025-10-18,,Relationship Manager,BR006,5493
CTR00194,CUST0041,Mortgage,Active,2025-04-28,2025-04-28,,Branch,BR006,223607
CTR00230,CUST0087,Credit Card,Active,2025-01-09,2025-01-14,,Branch,BR006,3605
CTR00268,CUST0017,Mortgage,Rejected,2025-12-06,,,Digital,BR004,33119
CTR00306,CUST0074,Current Account,Active,2025-03-22,2025-04-03,,Relationship Manager,BR005,284
CTR00344,CUST0079,Investment Product,Active,2026-02-18,2026-03-03,,Branch,BR001,63073
CTR00382,CUST0093,Investment Product,Active,2025-07-20,2025-07-26,,Branch,BR002,16326
CTR00420,CUST0095,Term Deposit,Active,2026-06-09,2026-06-13,,Digital,BR002,21596
CTR00458,CUST0072,Business Loan,Active,2026-05-11,2026-05-19,,Relationship Manager,BR003,81387
CTR00496,CUST0096,Business Loan,Active,2025-07-08,2025-07-08,,Relationship Manager,BR002,33778
CTR00534,CUST0082,Consumer Loan,Active,2026-03-02,2026-03-13,,Relationship Manager,BR001,209207
CTR00572,CUST0067,Current Account,Active,2025-06-06,2025-06-19,,Relationship Manager,BR003,2559
CTR00610,CUST0099,Consumer Loan,Active,2025-12-08,2025-12-18,,Relationship Manager,BR005,104821
CTR00648,CUST0049,Investment Product,Active,2025-06-27,2025-07-12,,Digital,BR005,18728
CTR00686,CUST0094,Mortgage,Active,2025-01-04,2025-01-16,,Branch,BR001,181685
CTR00724,CUST0096,Consumer Loan,Pending,2026-04-20,,,Digital,BR006,203331
CTR00762,CUST0047,Business Loan,Active,2025-09-22,2025-10-07,,Digital,BR003,182992
CTR00800,CUST0070,Business Loan,Active,2025-06-10,2025-06-11,,Branch,BR004,103599
CTR00838,CUST0040,Term Deposit,Active,2025-04-24,2025-04-29,,Relationship Manager,BR006,33216
CTR00876,CUST0055,Savings Account,Active,2025-03-20,2025-03-21,,Digital,BR005,4205
